Core,"Latitude (decimal, from -90 to +90)","Longitude (decimal, from -180 to +180)",Ocean,Orbulina universa,Globigerinoides conglobatus,Globigerinoides ruber (pink),Globigerinoides ruber (white),Globigerinoides ruber total,Globoturborotalita tenella,Globigerinoides sacculifer w/o sac,Globigerinoides sacculifer with sac,Globigerinoides sacc total,Sphaeroidinella dehiscens,Globigerinella adamsi,Globigerinella siphonifera (=aequilateralis),Globigerinella calida,Globigerina bulloides,Globigerina falconensis,Beela digitata,Globoturborotalita rubescens,Turborotalita humilis,Turborotalita quinqueloba,Neogloboquadrina pachyderma L,Neogloboquadrina pachyderma R,Neogloboquadrina dutertrei,P/D integrade + N. pachyderma R,Globoquadrina conglomerata,Globorotaloides hexagonus,Pulleniatina obliquiloculata,Globorotalia inflata,Globorotalia truncatulinoides L,Globorotalia truncatulinoides R,Globorotalia truncatulinoides total,Globorotalia crassaformis,Globorotalia crassula,Globorotalia hirsuta,Globorotalia scitula,Dentagloborotalia anfracta,Globorotalia menardii,Globorotalia tumida,Globorotalia menardii flexuosa,Globorotalia menardii + tumida,Candeina nitida ,Globigerinita glutinata,Globorotalia theyeri,Tenuitella iota,Berggrenia pumilio + T. humilis,Globigerinita uvula,Other ID,Other UnID,Total Planktics
GIK16417-1,10.07,-19.733,North Atlantic,0.6,0.3,0,5.5,5.5,0,21.9,0,,0.9,,1.8,0,2.8,0,0.3,0,0,0,0,2.1,30.5,2.1,,0,2.2,2.8,0,0,0,3,,0,0,,20,4.8,,24.8,0,0.3,,,0,0,0,,318
GIK16413-1,10.02,-19.3,North Atlantic,0.3,1,0,6.3,6.3,0,12.5,0,,0.3,,1,0,1.4,0,0,0,0,0,0,2.1,35.5,2.1,,0,1,3.8,0,0.3,0.3,3.5,,0,0.7,,21.6,8.4,,30,0,0,,,0,0,0.3,,261
GeoB1047-3,9.97,-22.358,North Atlantic,2.5,0.3,1.6,28.8,30.4,0,16.1,9.8,,0.1,,5,0,3.6,0,1.1,0,0,0,0,2.7,9.8,2.7,,0,1.2,1.3,0.1,0,0.1,0.9,,0,0.6,,5.9,2.5,,8.4,0.1,6.3,,,0,0,0,,836
GIK16420-1,9.93,-17.533,North Atlantic,0.2,0,0.1,37.8,37.9,0.7,16,0,,0,,1.8,0,12.2,0,0,0,0,0.7,0,5.9,11.4,5.9,,0,0,4,0,0.4,0.4,0.5,,0,1.3,,2.8,0.2,,3,0,4,,,0,0,0,,275
GIK16421-1,9.92,-17.867,North Atlantic,2.6,0,0,28.1,28.1,0,22.9,0.1,,0.3,,2.8,0.7,4,0,0,0,0,0,0,3.8,9.8,3.8,,0,0.2,1.3,0,0.3,0.3,2.8,,0,1.3,,13.2,2.3,,15.5,0,2.6,,,0,0,0.7,,380
GIK16419-1,9.90,-16.733,North Atlantic,0.7,0,0.1,39.9,40,0.8,16.9,0,,0,,3.7,0.2,11.8,0,0.4,0,0,0,0,2.8,9.6,2.8,,0,0.3,1.4,0,0.2,0.2,2.4,,0,0.2,,4.7,0.2,,4.9,0,3.6,,,0,0,0,,575
GIK16416-1,9.87,-19.4,North Atlantic,1.1,1.1,0,6.4,6.4,0,19.2,0.1,,0.4,,1.5,0,1.1,0,0.4,0,0,0,0,4.6,31.8,4.6,,0,2,1.3,0,0.2,0.2,2.4,,0,0,,21.1,4.6,,25.7,0,0.2,,,0,0,0.4,,324
GIK16412-1,9.57,-19.85,North Atlantic,1.8,0.4,0,9,9,0,26.4,0.1,,0.4,,3,1.3,3.4,0,2.3,0,0,0,0,6.3,21.3,6.3,,0,1.3,2.7,0,0.4,0.4,2.2,,0,0.4,,13.7,3.8,,17.8,0,0,,,0,0,0,,472
GIK16415-1,9.57,-19.1,North Atlantic,2.1,0.2,0,22.3,22.3,0.1,25.1,0.1,,0,,3.3,0.4,6.2,0,0.6,0,0,0.1,0,2.6,16.9,2.6,,0,1.9,0.8,0,1,1,0.7,,0,0.4,,9.2,2.4,,11.6,0,3,,,0,0,0.6,,470
GIK16411-1,9.52,-19.9,North Atlantic,1.5,0.6,0,11.9,11.9,0,17.3,0,,0.2,,4.1,0,7.2,0,0.4,0,0,0,0,9.3,25.4,9.3,,0,3,1.5,0,0.9,0.9,1.9,,0,0.7,,9.3,4.1,,13.4,0,0.4,,,0,0,0.4,,357
GIK16756-1,9.08,-17,North Atlantic,1.7,0,6.8,31.2,38,1.1,12.9,5.8,,0,,5.3,0,2.3,0,0,0.3,0,0,0,4.9,14.1,4.9,,0,0.2,2.2,0.3,0.2,0.5,2.4,,0,0.3,,4.9,0.7,,5.6,0,2.4,,,0,0,0.2,,694
GIK16407-1,9.04,-21.96,North Atlantic,1.7,0,0.5,12.2,12.7,0,25.1,8,,0.8,,2,0.8,1.7,0,0.8,0,0,0,0.3,3,20.4,3,,0,3,0.6,0,0,0,1.4,,0,0.6,,12.7,3.9,,16.6,0,0.6,,,0,0,0,,363
GIK16408-2,9.01,-21.457,North Atlantic,1.7,0.2,2.3,26.2,28.5,0.2,25.2,8.9,,0,,4,0.2,5.8,0,0.5,0,0,0,0,2.5,9.9,2.5,,0,1.5,1.6,0,0,0,0.9,,0,0.5,,4.5,0.3,,4.8,0.2,2.8,,,0,0,0.1,,510
GIK16757-1,8.98,-16.947,North Atlantic,2,1.5,1.3,20.9,22.2,0,19.6,4.6,,0.1,,2.6,0,6.3,0,0.3,0.5,0,0,0,6.7,14.5,6.7,,0,0.4,1.3,0.1,0,0.1,2.5,,0,1.6,,7,3.1,,10.1,0,2.9,,,0,0,0,,542
GIK16410-1,8.92,-20.85,North Atlantic,1.7,0.1,0,29.9,29.9,0.1,32.8,0.1,,0.1,,4.9,0,3.7,0,0.5,0,0,0,0,2.2,9.8,2.2,,0,2.1,0.6,0,0.1,0.1,1,,0,0.4,,5.7,0.8,,6.5,0,3.2,,,0,0,0.1,,612
V27-175,8.80,-22.115,North Atlantic,0.4,0.6,3,20,23,0,17.2,16.8,,0.8,,4.5,1.4,1.8,1.4,0.8,0,0,0,0.2,6.1,11.7,6.1,,0,2.4,0.8,0,0.8,0.8,0,,0,0.2,,4.7,1.8,,6.5,0,2,,,0,0,0.6,,494
V22-26,8.72,-41.25,North Atlantic,1.3,0.3,13.2,31.6,44.8,0,15.7,9.1,,0,,4.4,1.6,0,0,0,3.4,0,0,0,0.3,4.1,0.3,,0,1.9,0.6,0,0,0,0.6,,0,1.3,,0.9,0.6,,1.6,0,9.1,,,0,0,0,,331
V20-235,8.47,-30.133,North Atlantic,0.8,1.4,0.2,3.4,3.6,0.4,4.2,2.4,,4.6,,1,0.2,0.4,0,1.2,0,0,0,0.2,0.4,23.1,0.4,,0,13.2,0.6,0,1,1,4.6,,0,0,,3.1,31.8,,35.5,0,1.2,,,0,0,0,,509
V09-31,8.23,-37.867,North Atlantic,0.5,0.5,5.9,36.6,42.5,0.3,23.4,9.4,,0,,6.7,0,0.3,0.5,0.3,1.1,0,0,0,0,3,0,,0,0.3,0,0,0.5,0.5,0.3,,0,0.3,,2.1,0,,2.2,0.3,7.8,,,0,0,0,,383
RC11-9,7.63,-48.083,North Atlantic,1.4,0.4,4.3,48,52.3,0,14.2,9.3,,0,,5.7,0.4,0,0.7,0,1.4,0,0,0,0,1.8,0,,0,1.8,0,0,0,0,0,,0,0.4,,2.8,0,,2.8,0,6.4,,,0,0,1,,281
GIK16768-1,7.63,-15.168,North Atlantic,0,0.7,12.3,40.9,53.2,0,14,5,,0,,1.4,0,1.1,0,0,0,0,0,0,0,7.6,0,,0,0,0.7,0,0,0,4.3,,0,0.4,,4.7,2.9,,7.6,0,3.6,,,0,0,0.5,,277
M30-183,7.55,-14.6,North Atlantic,3.1,0.2,9.4,19.2,28.6,0.9,23,7.5,,0,,3.1,1.4,4.7,0,0.2,2.8,0,0,0,0,5.6,0,,0,0.2,1.2,0,0,0,1.4,,0,0.2,,6.6,0.5,,7.1,0,8.7,,,0,0,0.2,,426
GeoB1046-2,7.34,-20.472,North Atlantic,2.5,0.4,1.8,26.3,28.1,1.2,19.2,10.9,,0,,10.1,0.5,4.9,0,0.6,0,0,0,0,1.2,8,1.2,,0,0.9,0.9,0.4,0,0.4,1.4,,0,1,,2.5,1.1,,3.6,0,4.2,,,0,0,0.1,,832
M30-209,6.97,-12.25,North Atlantic,1.8,0.8,14.7,24.5,39.2,1.3,14,3.3,,0,,5,0,9.9,0,0,2.2,0,0,0,0.5,5.5,0.5,,0,0.5,3.8,0,0.5,0.5,0.9,,0,0.3,,2.1,0,,2.1,0,8.2,,,0,0,0.2,,259
M30-208,6.93,-12.25,North Atlantic,2.4,0.3,14.5,23,37.5,1.3,15.6,0.6,,0.5,,4.3,0.3,9.4,0,0,1.3,0,0,0,0.3,6.4,0.3,,0,0.3,3.8,0,0,0,2.7,,0,0.8,,3.2,0,,3.2,0,8.6,,,0,0,0.6,,372
M30-230,6.90,-12.433,North Atlantic,1.9,0,20.7,17.5,38.2,1.6,19.1,3.5,,0,,3.5,1,3.5,0,0.6,1.9,0,0,0,0,6.8,0,,0,0,1.3,0,0,0,1,,0,1.3,,6.5,0,,6.5,1,8.1,,,0,0,0,,312
V26-50,6.27,-17.9,North Atlantic,1.9,1.5,0,1.9,1.9,0,4.6,7.6,,1.1,,0,0,0,0,2.7,0,0,0,0,0,34.2,0,,0,11,0.4,0,0,0,1.5,,0,0,,2.3,27.8,,30.4,0,1.1,,,0,0,0.1,,263
V26-51,6.03,-18.242,North Atlantic,2.5,0.3,0,10.3,10.3,0,20.7,23.5,,0,,2.2,0.3,0,0.6,1.3,0,0,0,0,1.3,15.7,1.3,,0,2.8,1.3,0,0.6,0.6,3.8,,0,0,,5.6,5.6,,11.2,0,0.3,,,0,0,1.3,,319
GeoB1512-2,5.90,-48.04,North Atlantic,1,0,0.9,51.4,52.3,0,12.6,6.7,,0,,7,1.6,1.2,0,0.5,0.9,0,0,0,0,2.5,0,,0,1.6,0,0,0,0,0,,0,1.2,,5.4,1.8,,7.2,0.3,3.6,,,0,0,0,,659
V26-52,5.84,-18.083,South Atlantic,4.1,2.2,0,0.9,0.9,0,6.3,5.4,,3.8,,0,1.3,0,0,1.6,0,0,0,0,0,28.1,0,,0,12.3,0,0,0,0,2.5,,0,0,,4.7,26.2,,30.9,0,0.3,,,0,0,0.3,,317
GIK13519-1,5.67,-19.852,South Atlantic,0.9,0.5,2.3,39.7,42,2.8,13.6,4.4,,0,,5,1.2,4.8,0.8,0.3,0.9,0,0,0,1.6,5.8,1.6,,0,0.5,1.4,0.1,0,0.1,0.4,,0,1.1,,2,0.5,,2.5,0.1,9.4,,,0,0,0,,610
GIK16430-2,5.62,-19.983,South Atlantic,2,0.7,0,30.8,30.8,0.8,40,0.1,,0,,3.1,0,1.4,0,0.3,0.2,0,0,0,1.1,9.5,1.1,,0,1.1,0.4,0,0.1,0.1,0.9,,0.3,0.1,,3.5,1.2,,4.7,0,2.4,,,0,0,0.1,,556
GIK16855-1,5.51,3.7778,South Atlantic,1.6,0,13.9,19.1,33,0,20.8,5.3,,0.4,,5.3,0.8,2.6,0,0,0,0,0,0,0,14.5,0,,0,1.1,0.8,0,0,0,1.6,,0,0.3,,8.6,0.2,,8.8,0,2.9,,,0,0,0.3,,438
GeoB1513-2,5.43,-46.927,North Atlantic,1.3,0.4,3.4,39.2,42.6,0.2,15.4,7.4,,0,,7.4,0.7,1,0,0,0,0,0,0,0,3.1,0,,0,1.8,0,0,0.1,0.1,0,,0,0.8,,8.3,2.2,,10.5,0.3,6.9,,,0,0,0.5,,773
GIK16457-1,5.39,-21.72,South Atlantic,2.3,0.4,2.3,32.5,34.8,0.7,20.5,13.7,,0,,4.4,0.8,2.6,0.1,0.3,0.6,0,0,0,1.3,3.7,1.3,,0,0.4,0.2,0.3,0.1,0.4,0.5,,0,0.5,,1.5,1.8,,3.3,0.1,8.2,,,0,0,0.4,,1094
GIK16846-1,5.36,1.2868,South Atlantic,2.2,0,19.9,34.1,54,0.3,3.5,1.6,,0,,4.6,0.8,6.2,0,0,0.5,0,0.5,0,0,12.1,0,,0,0.3,3.2,0,0,0,1.3,,0,0.8,,1.9,0.3,,2.2,0,5.9,,,0,0,0,,372
GIK16458-2,5.34,-22.053,South Atlantic,2.1,1.6,2,33.3,35.3,0.8,20,8.7,,0.1,,5,0.3,2.1,0,0.7,0.1,0,0,0,1.5,4.3,1.5,,0,0.5,0.1,0.2,0,0.2,0.5,,0,0.7,,1.6,2.9,,4.5,0.2,10.9,,,0,0,0,,1129
GeoB1508-1,5.33,-34.025,North Atlantic,1.2,0.5,4.3,40,44.3,0.4,19.1,9.7,,0,,4,0.3,1.1,0,0.2,0.2,0,0,0,0,3.9,0,,0,0.4,0.1,0,0.6,0.6,0.2,,0,1.9,,2.1,1.5,,3.6,0.4,8.3,,,0,0,0,,906
V20-234,5.32,-33.033,North Atlantic,0.6,0,5.4,27.7,33.1,1.1,18.9,6.8,,0.3,,6.2,0.3,0,0,0.3,3.1,0,0,0,1.4,3.4,1.4,,0,0.3,0,0,0.6,0.6,0.6,,0,1.4,,3.4,0.6,,4,0,13.8,,,0,0,3.8,,354
GIK16455-1,5.27,-22.865,South Atlantic,1.7,1.3,1.6,31.9,33.5,0.6,22.8,14.8,,0.1,,5,0.7,0.9,0,1.1,0.2,0,0,0,0.7,4,0.7,,0,1,0,0.1,0,0.1,0.7,,0,0.7,,2.7,2.3,,5,0,4.9,,,0,0,0.2,,1023
GeoB1514-4,5.14,-46.575,North Atlantic,0.6,0.4,3.7,43,46.7,0,14.6,6,,0.2,,6.2,0.5,2.3,0,0,0,0,0,0,0,2.9,0,,0,1.8,0,0,0,0,0.1,,0,0.8,,8.4,2.6,,11,0,5.9,,,0,0,0.2,,693
V27-178,5.10,-26.65,North Atlantic,0.9,0.2,4.1,38.4,42.5,0.4,23.4,15.1,,0,,3.9,0,0,0.4,0.4,0.2,0,0,0,0.2,3,0.2,,0,0,0,0,0.4,0.4,0.4,,0,0,,3.7,2,,5.7,0,1.8,,,0,0,1.1,,565
GeoB1509-2,5.04,-35.242,North Atlantic,1.5,0.5,2.1,39.2,41.3,0.5,20.4,11.7,,0.1,,4.1,1.2,1,7.5,0.8,0.8,0,0,0,0,3.5,0,,0,0.8,0,0,0.5,0.5,0.1,,0,0.5,,2.2,1,,3.2,0,0,,,0,0,0.1,,646
GeoB1518-1,5.00,-42.75,North Atlantic,0.8,0.1,2.8,37.3,40.1,0.9,18.4,8.5,,0.1,,7,1.7,2,0,0.6,0.6,0,0,0,0,2.7,0,,0,1.3,0,0,0.1,0.1,0,,0,0.6,,5.6,1.7,,7.2,0,7.3,,,0,0,0,,666
RC11-10,4.97,-45.967,North Atlantic,0.5,0.5,9.9,47.5,57.4,0,22.6,3.3,,0.3,,3.3,1,0.5,0,0.3,0,0,0,0,0.3,0.5,0.3,,0,1.5,0,0,0.3,0.3,0,,0,0,,3.3,1,,4.3,0,3.5,,,0,0,0,,394
GIK16856-1,4.80,3.408,South Atlantic,0.3,0,13.9,31.5,45.4,0,12,3.5,,0,,5,0,2.3,0,0,0,0,0,0,0,16.3,0,,0,0.8,2.6,0,0,0,1.8,,0,0,,6.9,1.8,,8.7,0,1.4,,,0,0,0,,492
GIK16453-2,4.73,-20.937,South Atlantic,2.1,1.6,3.9,30.3,34.2,0.8,22.4,9.9,,0.2,,4.3,0.2,1.8,0.1,0.6,0.5,0,0,0,1.3,4.8,1.3,,0,0.9,0.2,0.6,0.2,0.8,1.2,,0,0.5,,2.6,2.6,,5.2,0.1,6.1,,,0,0,0.5,,787
GeoB1510-1,4.73,-36.512,North Atlantic,1,0.3,2.1,35,37.1,0.3,26.7,11.6,,0.1,,6,0.3,0.9,0,0.3,0,0,0,0,0.3,2.8,0.3,,0,1.6,0,0,0.3,0.3,0,,0,0.3,,3.6,1.8,,5.4,0,4.7,,,0,0,0,,662
GeoB1519-2,4.70,-41.933,North Atlantic,1.4,0.2,3.1,43.2,46.3,0.6,17.7,9.5,,0.1,,5.7,0.8,1.2,0,0,0.7,0,0,0,0.1,2,0.1,,0,1.5,0,0,1,1,0.1,,0,0.6,,3.2,1.1,,4.3,0.1,6.1,,,0,0,0,,866
V22-188,4.67,-20.917,South Atlantic,3.1,0.8,5.5,30.3,35.8,0.3,16.9,8.9,,0,,4.2,2.5,0.6,1.4,0,1.4,0,0,0,2.5,4.2,2.5,,0,1.4,0.8,0,0.8,0.8,1.4,,0,1.1,,3.5,1.4,,5.3,0,6.7,,,0,0,0,,368
GeoB1520-1,4.59,-41.935,North Atlantic,1.1,0.3,4.1,42.4,46.5,0.3,18.5,8.8,,0.1,,6,0.7,1,0.1,0.1,0.9,0,0,0,0,3.3,0,,0,0.9,0,0,1,1,0.1,,0,0.1,,4,1.3,,5.3,0,5,,,0,0,0,,830
RC13-195,4.58,-10.05,South Atlantic,0.9,0,12,21.2,33.2,0.9,17.4,8.5,,0.6,,2.2,3.8,0.9,0,0,0.3,0,0,0,0,6,0,,0,1.3,4.1,0,0,0,1.6,,0,0.6,,6,0.9,,6.9,0,9.2,,,0,0,1.6,,316
RC13-197,4.52,-0.7167,South Atlantic,0,0,18.4,13.6,32,0.8,15.4,8.3,,0,,3,1,1.8,0.3,0,1.5,0,0,0,0,11.4,0,,0,0.3,11.1,0,0,0,3,,0,0.3,,5,0,,5.1,0,4.8,,,0,0,0,,402
GeoB1516-1,4.50,-43.337,North Atlantic,0,0.6,0.3,14.1,14.4,0,29,6.3,,0.6,,9.6,0,1.2,0,1.8,0,0,0,0,0.3,8.1,0.3,,0,7.5,0,0,0.9,0.9,0.3,,0,0,,3.6,15.3,,18.9,0,0.6,,,0,0,0,,334
GeoB1407-7,4.33,-10.253,South Atlantic,1.6,0.2,10.9,30.7,41.6,0.2,9.6,6.3,,0.6,,4,0,3.1,0,0.4,1.1,0,0,0,0.7,4.3,0.7,,0,2.5,1.2,0,0.1,0.1,0.5,,0,1.1,,7.1,1.6,,8.7,0,12.2,,,0,0,0,,827
GeoB1521-2,4.31,-41.828,North Atlantic,1.1,0.4,3.1,34.7,37.8,0.2,17.4,8.1,,0.1,,7,2.1,1.6,0,0.4,2.3,0,0,0,0,3.1,0,,0,1.7,0,0.2,0.7,0.9,0.2,,0,0.9,,2.7,2.2,,4.9,0.2,9.8,,,0,0,0,,786
GIK16780-1,4.30,-9.498,South Atlantic,0.9,3,9,32.2,41.2,0,22.4,5.7,,0.4,,4.4,0.4,2.6,0,0.4,0,0,0,0,0,4.2,0,,0,0.8,4,0,0,0,0.5,,0,0.5,,1.8,0.5,,2.3,0,6.2,,,0,0,0.3,,473
V18-21,4.23,-47.75,North Atlantic,0.3,0.5,3.4,48.3,51.7,0,14.8,6.6,,0.5,,3.7,0,0,0.3,0,0,0,0,0,0,2.6,0,,0,3.4,0,0,0,0,0,,0,0.3,,10.3,1.3,,11.6,0,2.9,,,0,0,0.8,,379
GIK16779-1,4.21,-9.637,South Atlantic,1.1,1.8,4.2,30.9,35.1,0,28.4,4.6,,0,,1.4,0,1.8,0,0,0,0,0,0,0,8.7,0,,0,2.1,3,0,0,0,0.7,,0,0,,3.9,2.5,,6.4,0,4.6,,,0,0,0.5,,330
GeoB1522-1,4.03,-41.683,North Atlantic,1.4,0.5,1.9,39.6,41.5,0.7,21.1,10.1,,0.3,,5.2,0.9,0.9,0,1,0.3,0,0,0,0,0.7,0,,0,0.9,0,0,0.2,0.2,0.2,,0,0.9,,5,1.2,,6.2,0.3,6.6,,,0,0,0.3,,659
GIK16777-1,3.93,-10.62,South Atlantic,0.6,2.1,3.6,24,27.6,0,23.1,7,,0.4,,2.7,0,2.7,0,0.3,0,0,0,0,0,10.9,0,,0,2.2,3.8,0,0,0,0.9,,0,0,,10.3,2.8,,13.1,0,2.4,,,0,0,0,,516
GeoB1523-2,3.82,-41.622,North Atlantic,1.1,0.4,3.5,36.4,39.9,0.3,20.8,7.1,,0.1,,6,1,1,0,0.3,1.2,0,0,0,0,1.7,0,,0,0.9,0,0,0.2,0.2,0,,0,1.7,,7.3,2.1,,9.4,0.1,6.8,,,0,0,0,,752
RC13-196,3.70,-7.7167,South Atlantic,1.2,0,10.1,21.5,31.6,1.2,23.3,6.4,,0,,2.8,0.9,0.3,0,0.6,2.1,0,0,0,0,6.8,0,,0,1.8,5.2,0.6,0,0.6,0.3,,0,0,,8,0,,8,0,6.8,,,0,0,0.1,,337
A180-070,3.65,-18.3,South Atlantic,0.3,0.5,0,2.6,2.6,0.3,5,3.9,,3.2,,1.3,0,0,0,1.1,0,0,0.3,0.3,0,15.3,0,,0,13.7,0,0,0,0,3.2,,0,0,,11.1,37.5,,48.6,0,0.5,,,0,0,0,,380
V19-298,3.65,-15.05,South Atlantic,1.7,0.7,0,2.3,2.3,0,1,2.7,,5,,1,0,0,0,0,0,0,0,0,0.3,24.5,0.3,,0,14.2,0.7,0,0,0,2.7,,0.3,0,,10.6,31.5,,42.1,0,0.3,,,0,0,0.5,,302
GeoB1511-6,3.18,-46.343,North Atlantic,1.2,1.9,3.2,19.8,23,0,15.7,12.8,,0.1,,10,1,0.6,0,0.1,0.3,0,0,0,0.1,6.1,0.1,,0,9.8,0,0,0.1,0.1,0,,0,0.1,,8.1,5.4,,13.5,0,3.6,,,0,0,0,,791
GIK16864-1,3.15,6.2848,South Atlantic,1.7,0,21.3,27.8,49.1,0,9.6,2.4,,0,,9,0,1.4,0,0,0,0,0,0,0,8,0,,0,0.5,3.3,0,0,0,2.8,,0,0,,5.4,1.2,,6.6,0,5.7,,,0,0,0,,286
V27-248,3.05,-11.815,South Atlantic,0,0.5,2.6,25.2,27.8,0,10.5,15.7,,0.5,,3.4,1,0.5,0.3,0,0,0,0,0,3.9,15,3.9,,0,4.7,1.8,0.3,0.5,0.8,2.1,,0,0.3,,5.2,3.9,,9.1,0,1.6,,,0,0,0.5,,381
GIK16432-2,3.02,-22.017,South Atlantic,1.1,0.5,0,30.1,30.1,0.5,34.2,0.1,,0.3,,5,0,2.3,0.2,0.2,0,0,0,0,0.2,6.1,0.2,,0,3,0.2,0,0.5,0.5,0.2,,0,0.2,,5.7,4.3,,10,0,5.1,,,0,0,0,,644
GeoB1503-2,2.68,-30.648,South Atlantic,0.9,0.7,3.8,24.8,28.6,0.5,23.3,8.6,,0.2,,6,0,0.7,0.3,0.5,1,0,0,0,0.5,6.3,0.5,,0,1.8,1.6,0,2,2,0.7,,0,0,,5,2.4,,7.4,0.1,8.4,,,0,0,0,,585
GIK16865-1,2.67,6.0548,South Atlantic,2,0,8.4,12.6,21,0,8.6,6.6,,0.9,,3,0,0.6,0,0,0,0,0,0,0,20,0,,0,2,4.9,0,3.5,3.5,3.6,,0,0.6,,17.9,0,,17.9,0,4.9,,,0,0,0,,462
GeoB1504-1,2.29,-31.287,South Atlantic,0.4,0.6,3.4,42.6,46,1.8,18.3,6.2,,0.1,,5.1,0,1.2,0,0.1,1.1,0,0,0,0,2.7,0,,0,1.5,0.1,0,0.1,0.1,0.1,,0,0.6,,7.2,1.2,,8.4,0,5.5,,,0,0,0.2,,847
GeoB1505-3,2.27,-33.007,South Atlantic,1.4,0.1,3.7,39.5,43.2,0.5,19.9,7,,0.1,,5,0.4,1.1,0.1,0.4,0.4,0,0,0,0,2.2,0,,0,1.6,0,0.1,0.2,0.3,0.4,,0,0.4,,6.8,1.9,,8.7,0.2,6.7,,,0,0,0,,829
V27-233,2.27,5.7317,South Atlantic,1.3,0,0.3,2.9,3.2,0,4.9,4.7,,0.8,,2.1,0.3,0.8,0,2.3,0,0,0,0,0.3,36.2,0.3,,0,3.6,14.1,0,0,0,4.2,,0,0.3,,15.1,5.2,,20.3,0,0,,,0,0,0.6,,384
RC11-11,2.22,-45.4,South Atlantic,1.6,0.5,2.2,45,47.2,0.3,14.3,5.1,,0.3,,5.3,1.4,0,0.5,0,0.8,0,0,0,0,1.6,0,,0,2.7,0,0,0,0,0,,0,0.3,,10.8,2.4,,13.2,0,4.9,,,0,0,0,,377
GeoB1506-1,2.20,-35.182,South Atlantic,0.4,0.4,1.4,48.1,49.5,0.4,20.5,8.4,,0,,3.7,0,1.7,0.1,0.1,0.1,0,0,0,0,1.5,0,,0,0.4,0,0,0.2,0.2,0.1,,0,0.4,,4.6,1.2,,5.8,0.3,6.1,,,0,0,0,,806
V20-233,2.02,-35.6,South Atlantic,0.6,0.3,5.6,39.4,45,0.6,18.1,9.4,,0,,3.8,0,0,0.3,0.3,0,0,0,0,0,1.6,0,,0,3.8,0,0.6,0.3,0.9,0,,0,0,,7.2,3.1,,10.3,0,4.4,,,0,0,0.6,,320
V16-200,1.97,-37.067,South Atlantic,0.7,0,4.9,44.9,49.8,0.4,18.3,6,,0,,4.5,0,0,0,0.2,0.7,0,0,0,0,1.5,0,,0,2,0,0,0.4,0.4,0,,0,0.2,,6.6,1.5,,8.1,0,6.9,,,0,0,0.3,,462
GeoB1701-1,1.95,3.55,South Atlantic,1.4,0,3,4.2,7.2,0,2.4,3.6,,3.1,,0.6,2.4,0,0,1.2,0,0,0,0,0.6,31.8,0.6,,0,3.6,9.1,0,0,0,1.8,,0,0,,21.9,9.2,,31.1,0,0,,,0,0,0,,282
RC13-189,1.86,-30.007,South Atlantic,0.8,0,4.5,33.1,37.6,0.3,14.6,11,,0.6,,4.3,0,0,0.6,0.6,1.7,0,0,0,0,0.8,0,,0,3.1,0,0,0,0,0,,0,1.4,,7.6,2.2,,9.8,0,10.1,,,0,0,2.7,,356
GeoB1405-7,1.79,-11.133,South Atlantic,0.8,0.6,2.3,18.2,20.5,0.2,15.5,13.6,,0,,1.3,0,1.9,0,0,0.2,0,0,0,0.6,14.5,0.6,,0,4,2.1,0,0.2,0.2,1.9,,0,0,,15.3,2.1,,17.4,0,3.6,,,0,0,1.3,,530
RC13-190,1.78,-25.433,South Atlantic,0.8,0.3,6.2,32.3,38.5,0.8,11.9,10.2,,0,,4.3,1.1,0,1.1,0.8,1.9,0,0,0,1.3,3.8,1.3,,0,2.4,0,0,0.3,0.3,1.1,,0,0.3,,3.8,1.6,,5.4,0,10.5,,,0,0,3.2,,371
V12-80,1.76,-16.055,South Atlantic,1.8,0.4,0.2,9.1,9.3,0,22.3,10.5,,1.8,,4.8,0.2,0.2,0.2,0.9,0,0,0,0,0.7,12.7,0.7,,0,9.3,1.4,0,0.4,0.4,1.4,,0,0.2,,14.6,4.2,,18.8,0,1.8,,,0,0,0.9,,569
RC11-13,1.68,-41.517,South Atlantic,0.7,1.6,0.3,18.2,18.5,0,20.2,9.8,,1,,3.3,0.3,0,0,1,0,0,0,0,0.3,5.5,0.3,,0,7.2,0,0,0,0,0.3,,0,0,,17,10.9,,28.3,0,2,,,0,0,0,,312
GeoB1101-4,1.66,-10.977,South Atlantic,3.1,0.1,1.3,16.9,18.2,0.2,19.7,13.7,,0.6,,3.7,0,1.9,0,0.6,0,0,0,0,0.8,13.6,0.8,,0,5.6,3.1,0,0,0,1,,0,0.2,,12.2,0.2,,12.4,0,1.4,,,0,0,0,,454
V19-296,1.42,-9.0832,South Atlantic,2,0,0,4.4,4.4,0,2.7,0.7,,2.4,,1,1.4,1,0,1,0,0,0,0.7,5.4,26.8,5.4,,0,13.9,0.3,0,0,0,7.1,,0,0,,10.8,17.6,,28.4,0,0.7,,,0,0,0.1,,295
V27-234,1.00,1.985,South Atlantic,1.3,0,0.3,7.3,7.6,0,11.2,7.9,,1.7,,2.3,1,1.7,0.7,0.3,0,0,0,0,0.3,31,0.3,,0,3.6,5.9,0,0,0,3,,0,0.3,,16.5,2.3,,18.8,0,0.3,,,0,0,1.1,,303
GIK16775-2,0.99,-11.153,South Atlantic,1.7,0.2,6.2,23.8,30,0.9,9.7,7.1,,0.3,,4.8,0,5.7,0.1,0.1,1.1,0,0,0.2,2.6,8.7,2.6,,0,2.9,2.5,0.3,0.1,0.4,0.8,,0,0.5,,6.7,1.1,,7.8,0,11.8,,,0,0,0,,1278
RC11-12,0.92,-43.767,South Atlantic,0.9,1.5,2.7,38.4,41.1,0,19,6.2,,0,,4.9,0.9,0,0,0,0,0,0,0,0,3.6,0,,0,5.1,0,0,0,0,0,,0,0,,9.8,1.2,,11,0,5.7,,,0,0,0.1,,344
V14-5,0.85,-32.85,South Atlantic,0,0,3.3,45.2,48.5,1.4,15.9,4.9,,0.5,,3.6,0.5,0,1.1,0,1.6,0,0,0,0,1.1,0,,0,1.1,0.3,0,0,0,0,,0,0.8,,4.1,0.8,,4.9,0,11.5,,,0,0,2.3,,365
GIK16771-1,0.81,-15.512,South Atlantic,1.9,0.2,6.2,26,32.2,0.2,11.8,7.1,,0.2,,4.4,0,3.9,1.5,0,0,0,0,0,1.3,6.4,1.3,,0,5.1,1,0.3,0,0.3,1.1,,0.2,1.3,,9.7,1.1,,10.8,0,8.9,,,0,0,0.5,,809
GeoB1044-3,0.62,-9.6828,South Atlantic,2.5,0,0.5,7.9,8.4,0,14.6,11.2,,0.3,,4,0,2.8,0.5,0.3,0,0,0,0,1.8,14.9,1.8,,0,9.6,4.6,0,0.8,0.8,2,,0,0.8,,15.6,3,,18.7,0,2.3,,,0,0,0,,600
GeoB1103-3,0.60,-9.2628,South Atlantic,1.9,0.3,1.7,27.8,29.5,0,11,8.7,,0,,3.4,0.1,5.5,0.8,0.2,0.8,0.2,0,0,1.9,8.5,1.9,,0,5.9,1,0.1,0,0.1,1.5,,0,0.6,,6.8,1.6,,8.4,0,9.7,,,0.2,0,0.4,,738
A180-072,0.59,-21.783,South Atlantic,1.3,0,4.6,35.6,40.2,0.3,7.2,9.5,,0,,4.9,0.3,0,3.3,0,1.3,0,0,0,0.7,2.3,0.7,,0,2,0,0.3,0,0.3,0.7,,0,2,,4.6,0.3,,4.9,0,14.4,,,0,0,4.4,,306
V26-53,0.30,-14.8,South Atlantic,2.7,0,1.7,15.2,16.9,0,15.5,9.8,,0.3,,3,0,0,0.3,0,0,0,0,0,1.7,11.5,1.7,,0,11.1,0.3,0,0.3,0.3,0.3,,0,0,,14.2,5.7,,19.9,0,5.7,,,0,0,0.7,,296
GIK16774-3,-0.03,-9.96,South Atlantic,1.8,0.2,4.1,24.7,28.8,0.4,11.8,7.6,,0,,5,0.1,4.6,1.2,0,0.4,0,0,0,3.3,8.2,3.3,,0,4.1,2,0.8,0.2,1,1,,0,0.6,,8.8,0.8,,9.6,0,8.3,,,0,0,0,,828
V27-181,-0.07,-25.495,South Atlantic,0.4,0,4.6,35.2,39.8,0.2,10.7,8.1,,0,,4.6,0.2,0,3.3,0.2,3.5,0,0,0,0,1.1,0,,0,3.9,0.2,0,0,0,0.2,,0,0.2,,5.3,2,,7.3,0,15.3,,,0,0,0.8,,457
V29-144,-0.20,6.05,South Atlantic,2,0,22.5,15.7,38.2,0.3,5.7,2,,0.3,,3,0.7,4.7,1.3,0,0.3,0,0,0,1.7,10,1.7,,0,1.7,8.4,0,0,0,3,,0,0.3,,7.7,0.3,,8,0.3,7,,,0,0,1.2,,299
GIK16870-1,-0.22,5.9678,South Atlantic,1.5,0.1,17.8,21.8,39.6,0.6,7.9,4,,0.1,,5.1,0.1,8.8,0.4,0.2,1,0,0,0,1.6,10.3,1.6,,0,0.6,4,0.5,0,0.5,2.7,,0,1,,3.2,1.1,,4.3,0,5.8,,,0,0,0,,1196
GIK16868-2,-0.23,6.018,South Atlantic,0.5,0.1,9.9,29.1,39,0.7,9,3,,0,,4,0.1,6.9,0,0,0.1,0,0,0.1,3.8,11.6,3.8,,0,0.6,8.3,0.8,0,0.8,3.1,,0,1.1,,2.3,0.5,,2.8,0,4.6,,,0,0,0,,995
GIK16872-1,-0.35,8.038,South Atlantic,1.8,0,21.6,19.9,41.5,1,3.5,0.8,,0.3,,7.3,0.5,8.3,0,0.3,0,0,0,0,0.3,12.1,0.3,,0,1,9.3,0,0,0,3.3,,0,0,,5.8,1.3,,7.1,0,1.3,,,0,0,0.4,,260
V22-182,-0.54,-17.267,South Atlantic,0,0,6.3,31.6,37.9,0,8.8,8.6,,0,,4.4,1.9,0.2,3.7,0.2,0.7,0,0,0,1.6,3,1.6,,0,3.3,0.5,0.2,0,0.2,0.9,,0,0.2,,6.5,2.3,,8.8,0,14,,,0,0,1.1,,430
GIK16871-1,-0.73,6.9348,South Atlantic,1.3,0,4.3,9,13.3,0,7,3.6,,0.6,,4.8,0,3.4,0,1,0,0,0,0,0.2,28.7,0.2,,0,0.3,13.5,0,0,0,4.8,,0.5,0.5,,13.3,2.7,,16,0,0.5,,,0,0,0,,470
A180-076,-0.77,-26.033,South Atlantic,1.4,0.3,4.3,38.6,42.9,0.3,17.4,5.8,,0,,1.2,0.3,0,1.7,0.3,0.9,0,0,0,0.3,2,0.3,,0,6.4,0,0,0.3,0.3,0.9,,0,0.3,,5.5,1.2,,6.7,0,9.6,,,0,0,1,,345
GIK16773-2,-0.95,-9.392,South Atlantic,0.8,0,1.1,24.4,25.5,0.2,15,5.9,,0.1,,4.8,0,4.3,0,0.5,0,0,0,0,2.1,7.9,2.1,,0,10.4,1.8,0.7,0.4,1.1,2.1,,0,0.2,,9.1,1,,10.1,0,7.1,,,0,0,0,,692
GeoB1104-4,-1.16,-10.727,South Atlantic,1.4,0,3,37.9,40.9,0.3,10.8,6.1,,0.1,,5.4,0,5,0.3,0.5,0.8,0,0,0,2.9,5.2,2.9,,0,3.2,0.9,0.2,0,0.2,1.4,,0.2,0.5,,4.1,1.1,,5.2,0,8.7,,,0,0,0.2,,779
RC11-15,-1.17,-36.95,South Atlantic,0,1,0,28.3,28.3,0,18.4,8.3,,0.6,,3.2,0.3,0,0,0.3,0,0,0,0,0.6,3.5,0.6,,0,8.6,0.3,0,0,0,0,,0,0,,14.3,2.5,,16.8,0,8.9,,,0,0,0.9,,315
GeoB1403-2,-1.20,-11.712,South Atlantic,0,0.2,5.5,30.1,35.6,0.7,7.3,4.5,,0,,4.4,0.7,6.6,0.9,0.5,1.8,0,0,0,2.6,4,2.6,,0,3.3,0.8,0,0,0,0.9,,0,0.9,,5.1,0.9,,6,0,17.8,,,0,1.1,0.2,,814
V19-283,-1.28,5.5332,South Atlantic,1,0,1.2,24.4,25.6,0,7.8,7.6,,0,,2.2,0.5,1.7,2.2,0.2,0,0,0,0.2,2.7,22.4,2.7,,0,3.9,6.6,0,0,0,3.2,,0,0.5,,6.3,1,,7.3,0,2.2,,,0,0,2.2,,410
GIK16772-1,-1.34,-11.973,South Atlantic,2.5,0.1,4.4,33.3,37.7,0,9.1,7,,0,,4.8,0,6,0.6,0.3,0.1,0,0,0,0.5,3.2,0.5,,0,5.2,0.7,0.2,0,0.2,1.7,,0,0.3,,6.8,1,,7.8,0,12.1,,,0,0,0,,1093
A180-078,-1.50,-27.017,South Atlantic,0.3,0,0,16,16,0,13.2,10,,0,,3.1,0.9,0,0.3,0.3,0.3,0,0,0,6.3,5.6,6.3,,0,13.2,0,0,2.5,2.5,0.9,,0,0,,12.5,9.4,,21.9,0,2.8,,,0,0,2.4,,319
V12-79,-1.51,-11.785,South Atlantic,0.2,0,5.5,29,34.5,1.6,9,10.4,,0,,2.3,0,0.2,5.5,0,1.4,0,0,0.2,4.1,3,4.1,,0,5.8,1.2,0,0.2,0.2,0,,0,0.5,,4.4,0.7,,5.1,0,13.1,,,0,0,1.7,,434
V26-100,-1.55,-34.633,South Atlantic,2.5,2.8,0,4,4,0,5.2,6.2,,0.9,,3.7,0,0,0,0,0,0,0,0,0,3.7,0,,0,20.1,0,0,0.3,0.3,1.9,,0,0,,26.5,12.3,,38.9,0,8,,,0,0,1.8,,324
GeoB1105-3,-1.66,-12.428,South Atlantic,1.2,0.4,2.5,34.3,36.8,0.6,11.1,3.7,,0.1,,5,0,4,0.2,0.3,2.6,0,0,0,2.2,4.7,2.2,,0,3,1.2,0.1,0,0.1,0.4,,0,1.1,,5.3,1.1,,6.4,0,15,,,0,0,0,,828
GeoB1106-4,-1.76,-12.557,South Atlantic,0.6,0.1,3.7,35.7,39.4,1.3,5.9,4.2,,0,,6,0.2,6.2,0.4,0.3,0.7,0,0,0,6.2,5.7,6.2,,0,2,3.9,0.6,0,0.6,0.5,,0,1.2,,0.9,2.1,,3,0,11.6,,,0,0,0,,995
V20-230,-1.95,-39.033,South Atlantic,0.6,0.3,1.5,47.9,49.4,0.3,8.8,8.8,,0,,4.9,0.3,0,0,0,0.9,0,0,0,0,1.8,0,,0,0.9,0,0,0,0,0,,0,0.6,,6.7,0.3,,7,0,11.3,,,0,0,4.1,,328
RC11-14,-2.07,-40.6,South Atlantic,0.3,0.2,2.1,46.7,48.8,0.2,11,4.6,,0,,5.3,0,0,0.5,0.2,3.8,0,0,0,0,3.3,0,,0,0.3,0,0,0,0,0,,0,0,,5.3,0.5,,5.8,0,12.8,,,0,0,2.9,,608
GeoB1108-7,-2.17,-9.873,South Atlantic,1.4,0.2,4.6,43.1,47.7,0.2,9.7,4,,0.1,,5,0.9,3.3,0,1.1,0.4,0,0,0,0.9,3.4,0.9,,0,2.8,2.3,0.4,0.1,0.5,0.4,,0,1.3,,5.8,0.8,,6.6,0,7.8,,,0,0,0,,621
V14-7,-2.29,-36.142,South Atlantic,0.5,0.5,1,43,44,0.2,12,6.2,,0.2,,4.8,0.2,0,0.2,0.5,0.2,0,0,0,0,2.2,0,,0,5.5,0,0,0,0,0,,0,0.2,,11.5,1.4,,12.9,0,7.9,,,0,0,1.8,,416
V20-228,-2.48,-36.417,South Atlantic,1,1.2,7.2,32.1,39.3,0.2,18.7,6.5,,0,,3.3,0.5,0,0,0.2,0.2,0,0,0,0,1.7,0,,0,3.3,0,0,0,0,1,,0,0,,11.2,4.1,,15.3,0,5.3,,,0,0,2.3,,418
RC11-16,-2.77,-35.217,South Atlantic,0.2,0.2,1.9,46.7,48.6,0,15.7,10.5,,0.2,,2.8,0.4,0,0.2,0,0,0,0,0,0,1.5,0,,0,2.2,0,0,0,0,0,,0,0.2,,9.5,1.5,,11,0,4.9,,,0,0,1.4,,465
V22-180,-3.30,-16.442,South Atlantic,0.5,0,0.5,3.8,4.3,0,9.6,14.2,,0.5,,1.9,0,0.3,0.8,1.1,0,0.3,0,0,3.6,13.7,3.6,,0,15.8,1.1,0.3,0.3,0.6,1.4,,0,0,,18.7,5.7,,24.4,0,4.9,,,0.3,0,1.1,,366
GeoB1041-1,-3.48,-7.592,South Atlantic,2.3,0.1,4.1,34.4,38.5,0,13.7,6.1,,0,,3,0,2.1,0.1,0.4,0,0,0,0,0.9,7.6,0.9,,0,5.5,0.9,0,0,0,0.9,,0,0.9,,5.9,1.4,,7.3,0,9.9,,,0,0,0,,888
GeoB1116-2,-3.62,-13.187,South Atlantic,1.5,0,3.3,34.1,37.4,0.4,12.5,6.4,,0.1,,3.9,0,1.8,0.2,1,0.4,0,0,0,0.4,4.8,0.4,,0,4.1,2.2,0,0,0,0.2,,0,0.8,,7.4,2.8,,10.2,0,11.7,,,0,0,0,,555
GeoB1117-3,-3.82,-14.897,South Atlantic,3.1,0.4,5,40.9,45.9,0.4,9.7,8.5,,0,,3,0,2.1,0,0.6,0.4,0,0,0,0.2,3.9,0.2,,0,3.1,0.5,0,0,0,0,,0,0.4,,6.9,2.1,,9,0,9.1,,,0,0,0,,814
V20-227,-4.23,-34.633,South Atlantic,0.9,0.6,2.1,42.1,44.2,0,15.2,7.8,,0,,7.2,0,0,0,0,0,0,0,0,0.3,0.9,0.3,,0,2.4,0,0,0.3,0.3,0.6,,0,0,,9.9,1.8,,11.7,0,7.5,,,0,0,0.4,,335
V22-179,-4.88,-15.733,South Atlantic,0.4,0.2,10.7,30.7,41.4,0,14.3,10.1,,0,,2.9,1.5,0.4,0,0,0.2,0,0,0,2.5,5.3,2.5,,0,3.4,1.1,0,1,1,1.1,,0,0,,5.9,0.8,,6.7,0,7.1,,,0,0,0.4,,524
GeoB1114-4,-5.28,-10.203,South Atlantic,1.5,0.6,9.4,31.7,41.1,0.4,10.9,5.8,,0.1,,3.1,0,2.4,0.3,0.3,0.9,0,0,0,1.7,7.1,1.7,,0,2.6,0.1,0.2,0,0.2,0.4,,0,0.9,,5.4,3.1,,8.5,0,10.9,,,0,0,0.3,,883
GeoB1040-3,-5.54,-1.773,South Atlantic,2.3,0.1,0.3,8.8,9.1,0,10.9,8.1,,1.4,,2,0,3.2,0,0.7,0,0,0,0,1.7,21.5,1.7,,0,12.2,2.7,0,0,0,1.7,,0,0.7,,12.8,8.7,,21.6,0,0.2,,,0,0,0,,587
GeoB1113-4,-5.74,-11.037,South Atlantic,1.2,0.3,10.2,32.5,42.7,1.2,9.6,4,,0.1,,5,0,2.6,0,0,0,0,0,0,1.5,6.2,1.5,,0,2,1,0,0,0,0.5,,0,1.2,,7.7,2.7,,10.4,0,10.8,,,0,0,0,,694
GeoB1112-4,-5.78,-10.75,South Atlantic,2.4,0.9,9,28.9,37.9,0.4,13.5,6.5,,0.2,,4.4,0,1.5,0,0.3,0.3,0,0,0,0.6,6.6,0.6,,0,2.6,0.8,0.1,0,0.1,0.9,,0,0.4,,8.3,1.5,,9.8,0,9.8,,,0,0,0.3,,831
GeoB1111-3,-5.84,-8.652,South Atlantic,0.9,1,6.8,35.3,42.1,1,11.8,5.5,,0.6,,4.4,0.1,2,0.1,0.1,0.3,0,0,0,0.4,6.8,0.4,,0,4.1,1,0,0,0,0.3,,0,0.4,,5.7,2.9,,8.6,0,8.4,,,0,0,0.4,,821
GeoB1110-4,-5.94,-8.14,South Atlantic,2.2,0.6,5.9,32.5,38.4,0.7,11.8,5.7,,0.6,,4.7,0,3,0.1,0.3,0.4,0,0,0,0.3,6.9,0.3,,0,2.5,0.8,0,0,0,1.1,,0,0.4,,6,2.7,,8.7,0,10.7,,,0,0,0,,815
GeoB1109-3,-6.01,-7.7448,South Atlantic,4,0.4,2.9,18.1,21,0,14.8,11.2,,0.8,,2.9,0,1.4,0,0.9,0,0,0,0,0,8,0,,0,6.8,1.9,0,0,0,1.5,,0,0.3,,16.1,3.5,,19.5,0,4.6,,,0,0,0,,654
V22-36,-6.12,-30.583,South Atlantic,0,0,2.5,33.3,35.8,3.3,5.6,1.9,,0,,0.6,0.8,0.8,0.6,0.3,8.3,0,0,0,3.1,1.9,3.1,,0,2.5,0,0,2.8,2.8,0.3,,0,0.6,,2.8,1.1,,3.9,0,23.3,,,0,0,3.6,,360
GeoB1039-1,-6.21,0.875,South Atlantic,2.3,0.1,10.2,28.7,38.9,0.3,8.4,4.3,,0.4,,5,0.1,5.1,0.1,0.3,0.3,0,0,0,1.2,8.3,1.2,,0,2.6,1.2,0,0,0,1.6,,0,0.9,,5.1,1.9,,7,0,11.7,,,0,0,0,,774
GeoB1702-6,-6.57,10.317,South Atlantic,0.9,1.2,0.8,33.9,34.7,3.1,7.3,1.3,,0.3,,4.4,3.8,10.3,4.5,0.9,0.6,1.2,0,0,2.4,2.2,2.4,,0,3,4,2.8,1.6,4.4,0.1,,2.8,0.6,,0,0,,0,0,6.4,,,1.2,0,0.6,,827
GeoB1009-3,-6.92,8.9968,South Atlantic,10.2,0.6,14.9,16.7,31.6,0,1.2,0,,0.3,,5,0,1.9,0,0,0,0,0,0,0.3,31,0.3,,0,1.9,3.4,0,0,0,3.4,,0,0,,2.5,3.7,,6.2,0,1.5,,,0,0,1.5,,323
V22-177,-7.75,-14.608,South Atlantic,2,0.2,6.2,27.3,33.5,0.9,13.8,5.6,,0.2,,4.9,0.9,2.4,0.4,0.2,0.4,0,0,0,3.3,6.9,3.3,,0,3.1,3.1,0,0.9,0.9,0.4,,0.2,0.7,,6.9,0.7,,7.6,0,6,,,0,0,2.4,,450
V27-239,-7.83,-1.5132,South Atlantic,1.8,0,10.2,31,41.2,0,8.8,8.2,,0.9,,1.8,1.2,0.9,0.9,0.3,0.3,0,0,0,4.4,8.8,4.4,,0,1.8,1.2,0,0.3,0.3,0.6,,0,0.3,,3.8,1.2,,5,0,10.5,,,0,0,0.8,,342
RC13-209,-8.20,-8.2182,South Atlantic,1.8,0,6.5,33.9,40.4,0.6,8.3,5.4,,0,,3.9,0.3,0,0.6,0.3,2.4,0,0,0,2.4,5.4,2.4,,0,3.6,0.9,0,0,0,1.5,,0,0.6,,8.9,2.4,,11.3,0,7.1,,,0,0,3.2,,336
CIRCE-239,-8.28,-11.117,South Atlantic,1.2,0.5,8.8,32.9,41.7,0.2,13,5.7,,0,,6.1,1.5,0,0.2,0.5,0.7,0,0,0,1,2.7,1,,0,2,0.5,0,0,0,1,,0,0.2,,7.9,1.5,,9.4,0,9.3,,,0,0,2.6,,407
V22-175,-8.77,-14.283,South Atlantic,0.2,0.5,5.3,41,46.3,0.7,11.6,5.1,,0.5,,7.6,1.2,0.2,0.9,0.5,1.4,0.2,0,0,0.2,2.5,0.2,,0,2.5,0.2,0,0.5,0.5,0.7,,0,0,,5.6,0.2,,5.8,0,9.3,,,0.2,0,1.4,,432
RC13-210,-9.14,-10.608,South Atlantic,0.8,0.8,7.7,31.7,39.4,0,13.9,7.7,,0,,5.7,0.5,0.3,0,0,2.1,0.3,0,0,1.8,3.3,1.8,,0,2.8,1.5,0,0.8,0.8,1,,0,0.3,,5.9,2.6,,8.5,0,7.5,,,0.3,0,1.1,,389
V22-38,-9.55,-34.25,South Atlantic,0.8,2.1,6.5,44,50.5,1,9.4,3.8,,0.2,,5.4,2.9,0,0.6,0.2,1.7,0,0,0,0,0.4,0,,0,0.6,0,0,0.2,0.2,0.2,,0,0,,2.7,2.3,,5,0,10.6,,,0,0,4.4,,521
V15-164,-9.75,-34.4,South Atlantic,1,1,4.5,53.1,57.6,2.6,6.1,3.6,,0,,4.9,1,0,0,0.3,2.3,0,0,0,1.3,0,1.3,,0,0,0,0.3,0.3,0.6,0.3,,0,0,,1.6,3.2,,4.8,0,7.1,,,0,0,5.5,,309
V27-228,-10.07,11.433,South Atlantic,1.4,0,20.5,8,28.5,0.9,19.1,3,,0,,2.7,0.7,0.7,0,0,0,0,0,0,0,4.3,0,,0,1.1,20,0,0,0,3,,0,2.1,,4.5,1.8,,6.2,0,2.3,,,0,0,4,,561
V27-184,-11.14,-35.648,South Atlantic,1.1,5.6,12.9,45.2,58.1,0,6.2,4.6,,0.3,,4,3,0.3,0,0.3,0.3,0,0,0,0,0,0,,0,0,0,0,0.5,0.5,0.3,,0,0,,4,1.6,,5.6,0,6.7,,,0,0,3.1,,372
V26-55,-11.61,-15.565,South Atlantic,1.1,1.1,4.7,43.6,48.3,1.3,9.2,6,,0,,9.9,2.2,0,1.3,0.3,1.6,0,0,0,0.2,1.1,0.2,,0,1.7,0.9,0,0.8,0.8,0.6,,0,0.3,,2.4,1.3,,3.7,0,6.7,,,0,0,1.7,,638
GeoB1017-3,-11.74,10.55,South Atlantic,1.2,0,1.6,6.7,8.3,0,2.6,0.8,,0.2,,3,0.2,2.6,0,1.6,0,0,0,0.4,5,21.5,5,,0,0.3,22.6,0,0,0,4.8,,0,0.2,,14.5,4.2,,18.7,0,4.1,,,0,0,1.6,,901
WAKS18,-12.20,11.833,South Atlantic,4.8,0,3,16.6,19.6,0,6.3,4.8,,0.4,,1.1,0,8.9,0,0.4,0.7,0,0,0,10.3,13.3,10.3,,0,0,7,0,0,0,4.4,,0,1.5,,12.2,0,,12.2,0.4,4.1,,,0,0,0,,271
V27-227,-12.32,9.0248,South Atlantic,0.7,0,0,2.3,2.3,0,1.4,0.7,,2.3,,0,0,0,0.3,1.6,0,0,0.2,1.2,8.6,21.5,8.6,,0,3.5,27.3,0,0.2,0.2,3.7,,0,0.2,,17.5,4.7,,22.2,0,0,,,0,0,2.1,,572
V22-172,-12.67,-9.8167,South Atlantic,0.5,0.3,5.3,44.6,49.9,1.5,7.3,1.5,,0,,6.6,1.8,0.8,1.5,0.3,0,0,0,0,1.3,2.5,1.3,,0,1.8,2,0,1.5,1.5,2.5,,0,0.5,,3.3,1.3,,4.6,0,9.6,,,0,0,1.7,,395
GeoB1408-3,-12.82,-6.1848,South Atlantic,0.7,0.6,3,30.5,33.5,1,9.1,1.8,,0.2,,7,3.2,7.2,1.7,0.9,1,0,0,0,0.7,2,0.7,,0,0.6,2.7,0.3,0.1,0.4,1.1,,0.5,1,,1.9,2.4,,4.3,0,18.7,,,0,0,0.1,,515
V16-31,-13.07,-24.683,South Atlantic,0.7,3.8,5.3,51.2,56.5,0.2,10.9,7.1,,0,,4.2,1.1,0,0.4,0,0.2,0,0,0,0,0.2,0,,0,0,1.8,0.2,3.1,3.3,0,,0,0,,0,1.6,,1.6,0,5.5,,,0,0,2.5,,451
V16-33,-15.33,-19.717,South Atlantic,0.6,3.6,3.9,45.5,49.4,0,11.6,9.5,,0,,3,0.3,0.6,0.9,0.3,0,0,0,0,0.3,0.6,0.3,,0,0.6,5.1,0.6,1.5,2.1,0.6,,0,0.3,,0,2.1,,2.1,0,5.7,,,0,0,2.8,,336
GeoB1420-1,-15.35,-18.687,South Atlantic,2,4.5,0.3,38.7,39,0.6,11.7,5.8,,0.8,,7,2,5,0.6,2,0.8,0,0,0,0,2,0,,0,0,3.6,0.3,3.1,3.3,1.7,,0,0,,0.6,1.7,,2.2,0.3,5.6,,,0,0,0,,359
GeoB1414-2,-15.53,-10.728,South Atlantic,2.2,0.9,2.3,24.6,26.9,0,6.6,2.5,,0.5,,5.9,4.4,5.9,1.3,1.2,2.3,0.6,0,0,0,1,0,,0,1.5,4.6,0.1,1.5,1.6,2.5,,0.4,0.4,,3.8,1.9,,5.7,0.1,21.3,,,0.6,0,0,,724
GeoB1415-1,-15.53,-11.578,South Atlantic,1.4,1.1,2,30.6,32.6,1.9,7.9,2.3,,0.2,,7.6,2.1,3.6,0.9,0.6,0.6,0.2,0,0,0.2,1.2,0.2,,0,2.2,5.2,0,2.6,2.6,3,,0,1.1,,2.6,2.1,,4.7,0,16.8,,,0.2,0,0,,716
GeoB1418-1,-15.53,-14.885,South Atlantic,1.8,0,3.8,40.3,44.1,3.5,6,1.7,,0.1,,4.3,0,2.5,2.1,1.2,1,0,0,0,0,1,0,,0,1.3,1.6,0.5,1.7,2.2,1.5,,0,0.7,,0.9,1.2,,2.1,0.9,20.6,,,0,0,0.4,,618
GeoB1419-1,-15.54,-17.07,South Atlantic,1.3,1.7,2.9,44.2,47.1,3.4,4.8,2.5,,0,,6.5,1.5,7.8,1.3,2.3,0.2,0,0,0,0,0.4,0,,0,0,2.1,0.4,1.7,2.1,0.9,,0,0.4,,0.6,1.1,,1.7,0,11.8,,,0,0,0,,523
GeoB1413-2,-15.68,-9.4567,South Atlantic,0.8,0.7,2.2,33.1,35.3,0,7.1,1.8,,0.5,,4.2,4.3,7.7,2.2,0.3,0.4,0,0,0,1.6,1.3,1.6,,0,1.4,7.6,0.1,1.1,1.2,3.7,,0.2,0.5,,4.1,0.6,,4.7,0,12.6,,,0,0,0.1,,696
V22-169,-16.25,-5.7332,South Atlantic,1.4,0.4,1.8,20.9,22.7,6.1,10,2.7,,0,,2.5,1.8,2,9.2,0.6,1.2,0,0,0,0.2,3.3,0.2,,0,1.6,7,0.8,3.3,4.1,4.3,,0,1,,6.1,0.4,,6.5,0,9.4,,,0,0,2,,511
GeoB1026-3,-17.15,8.897,South Atlantic,4.7,0,0.1,0.2,0.3,0,0.8,0.1,,0,,1.2,0,9.9,0,0.7,0,0,0,0.2,4.3,13.4,4.3,,0,0.2,61,0.1,0,0.1,1.4,,0.1,0.3,,0.9,0.1,,1,0,0.4,,,0,0,0.1,,1718
GeoB1025-2,-17.17,10.242,South Atlantic,8.2,0,0.3,0.8,1.1,0,0,0,,0,,0.7,0.2,21.4,0,0.7,0,0,0,0.3,3.1,14.5,3.1,,0,0.2,41.9,0.1,0,0.1,3,,0,0.8,,0.6,0.1,,0.7,0,1.5,,,0,0,1.5,,1144
 RC11-21,-17.26,-35.967,South Atlantic,1.5,6.8,7.7,50.3,58,0.3,3.3,3,,0,,2.7,1.2,0,0,0.9,0,0,0,0,0,0.3,0,,0,0,0.6,0.6,2.4,3,0.3,,0,0,,10.4,0.9,,11.3,0,3.6,,,0,0,3.2,,336
V22-168,-17.47,-5.1832,South Atlantic,0.9,0.5,1.6,18.7,20.3,2.1,8.9,5.2,,0,,1.9,1.4,1.6,4.7,0.5,0,0,0,0,0.5,0.5,0.5,,0,4,8,0,4.7,4.7,5.9,,0,0.7,,9.1,1.6,,10.7,0,15.9,,,0,0,1.1,,427
V16-35,-17.66,-15.1,South Atlantic,0.7,0.2,1.4,34.9,36.3,5.2,6.6,1.8,,0,,3.9,3,0.9,12.8,0.5,1.4,0.2,0,0,0.5,0,0.5,,0,0.5,1.8,0.2,2.3,2.5,1.4,,0,1.1,,1.1,0.7,,1.8,0,14.6,,,0.2,0,2.3,,439
V19-262,-18.33,8.3832,South Atlantic,4.1,0,0.5,0.7,1.2,0,0.2,0,,0,,0.5,0.5,9.6,0,1.1,0,0,0.7,0.2,22.2,1.4,22.2,,0,0,53.5,0,0,0,0.9,,0,0.2,,0.7,0,,0.7,0,0.5,,,0,0,2.5,,437
V16-36,-19.38,-11.442,South Atlantic,0.8,0.5,1.5,26.2,27.7,5.5,6.2,3.2,,0,,1.8,1,2.8,11.8,0.5,5,0,0,0,1,0.3,1,,0,0,11,1,4.3,5.3,0.3,,0,1.5,,0,0,,0,0,11,,,0,0,2.8,,400
GeoB1704-1,-19.41,11.612,South Atlantic,0.9,0,0.3,0.7,1,0,0,0,,0,,0,0,33.5,0,0,0,0,0,5.8,20,17.1,20,,0,0,15.9,0,0,0,0,,0,0,,0,0,,0,0,5.8,,,0,0,0,,352
GeoB1705-2,-19.50,11.382,South Atlantic,2.1,0,0,0,0,0,0.6,0,,0,,0,0,54.2,0,0,0,0,0,0,3.6,17.9,3.6,,0,0,20.7,0,0.1,0.1,0.4,,0,0,,0.1,0,,0.1,0,0,,,0,0,0.3,,279
GeoB1027-2,-19.66,9.1378,South Atlantic,12.7,0,0.1,0.5,0.6,0,0.5,0.1,,0,,1,0,22.1,0.2,0,0,0,0,0.2,4.5,24.9,4.5,,0,0.1,27.3,0.1,0,0.1,1.6,,0,0,,0.7,0.1,,0.8,0,3.3,,,0,0,0,,946
V29-135,-19.70,8.8832,South Atlantic,2.1,0,1.4,3.3,4.7,0.5,1,0.7,,0,,1.4,1,20.5,8.1,0,0,0,1,1.2,26.9,1,26.9,,0,0,20.5,0,3.1,3.1,0,,0,0.2,,0.2,0,,0.2,0,4,,,0,0,1.9,,420
GeoB1028-4,-20.10,9.178,South Atlantic,6.3,0,0.4,3.9,4.3,0.4,0.3,0.2,,0,,2.3,0,21.8,0.4,0.1,0,0,0,0.4,14.2,25.1,14.2,,0,0,19.5,0.3,0.2,0.5,0.4,,0.1,0,,0.4,0.6,,1,0,2.2,,,0,0,0.5,,763
RC11-22,-20.16,-32.692,South Atlantic,0.3,3,0.6,70.2,70.8,0,2.2,0.8,,0,,2.5,2.2,0,0,1.4,0,0,0,0,0,0.3,0,,0,0,0.3,0.6,2.5,3.1,0.3,,0.6,0,,5,2.8,,7.8,0,3,,,0,0,1.4,,363
WAKR03,-20.98,8.1,South Atlantic,10.4,0,0.4,4.4,4.8,0,1.6,0.4,,0,,2,1.2,18.7,0,0,3.2,0,0.8,0,15.5,1.6,15.5,,0,0,32.7,1.2,2.4,3.6,0.8,,0,0.8,,0.8,0,,0.8,0.4,1.2,,,0,0,0,,251
GeoB1029-1,-21.06,8.2278,South Atlantic,0.7,0,0.3,4.3,4.6,0.4,0.8,0,,0,,3.7,0.2,27.9,0.5,0,0,0,0,1.3,12.7,28,12.7,,0,0,7.7,1.5,1,2.5,1.7,,0,1.2,,0.2,0,,0.2,0,5.9,,,0,0,0,,1085
GeoB1030-3,-21.08,7.7778,South Atlantic,2.4,0,0.5,4.7,5.2,1.2,0.8,0.1,,0,,1.9,0.3,27.7,0,0.5,0.3,0,1.1,0.6,19.2,12.9,19.2,,0,0,14.3,2.9,1,3.9,3,,0,0.5,,0.1,0.5,,0.6,0,3.2,,,0,0,0.2,,1158
GeoB1036-3,-21.19,3.322,South Atlantic,1.1,0,0.2,1.5,1.7,0,7,0.8,,1.1,,2,0.2,1.1,0.4,0.8,0,0,0,0,3,7,3,,0,1.9,26,1.3,9.7,11,7.6,,0.8,0.4,,21.4,4.4,,25.8,0,0.4,,,0,0,0,,445
V16-37,-21.33,-8.9498,South Atlantic,2.4,0.5,1.4,28.8,30.2,2.8,5,3.3,,0,,3.1,1.4,0.9,10.8,0.2,2.8,0,0,0,1.2,0.7,1.2,,0,0.5,12.7,2.8,5,7.8,1.2,,0.2,1.2,,0.9,0.2,,1.1,0,6.8,,,0,0,3.2,,424
RC17-34,-21.43,6.3,South Atlantic,13,1,0,26,26,12,7,5,12,0,0,12,8,24,20,0,1,0,3,6,68,2,68,0,0,2,77,8,16,24,3,0,2,5,0,31,2,0,33,0,21,0,0,0,0,0,4,379
GeoB1035-3,-21.60,5.032,South Atlantic,3.2,0,0.1,6.8,6.9,0.7,6.1,1.6,,0.3,,3,0.8,5.5,1.7,0.5,0,0,0,0,4,11,4,,0,0.6,18.3,8.4,2.1,10.5,4.1,,1.1,0.8,,10.2,3.9,,14.1,0,5.4,,,0,0,0,,1231
GeoB1034-1,-21.72,5.4298,South Atlantic,4,0,0.9,8.8,9.7,1.6,5.7,1.9,,0.2,,2.2,0.4,11,0.5,0.3,0,0,0.3,0,6.2,9.6,6.2,,0,0.3,18.6,7.6,2.4,10,1.8,,1.2,1.4,,5.1,2.9,,8,0,5.2,,,0,0,0.1,,773
WAKR05,-21.73,11.1,South Atlantic,3.8,0,0,1.4,1.4,0,1,0,,0,,0.3,0,19.1,0.7,0,0.3,0,0,0.7,41.3,0.7,41.3,,0,0,24.2,0,0.7,0.7,0.3,,0,0.3,,0.7,0,,0.7,0,4.1,,,0,0,0.4,,292
RC13-227,-21.83,8.867,South Atlantic,13,0,0,4,4,0,2,1,3,0,0,2,1,12,4,5,0,0,6,0,181,11,181,0,0,0,85,0,6,6,9,0,0,2,0,10,1,0,11,0,12,0,0,0,0,0,3,370
V19-256,-21.83,10.8,South Atlantic,36,0,0,5,5,1,3,1,4,0,0,3,5,98,15,0,0,0,2,15,527,95,527,0,0,0,105,3,2,5,0,0,2,2,0,0,0,0,0,0,24,0,1,0,0,0,2,947
GeoB1031-1,-21.89,7.1018,South Atlantic,2.4,0.5,1.3,5.6,6.9,0.9,1.8,0.5,,0,,3,0.8,14.1,0.6,0.8,0,0,0.6,0.6,17,13.6,17,,0,0,16.4,3.5,1.9,5.4,2.3,,0.8,1,,3.8,1.8,,5.6,0,4.4,,,0,0,0,,995
V27-188,-22.05,-23.957,South Atlantic,1,2.9,0,60.3,60.3,0,6.5,3.9,,1,,1.8,1.3,1,1,2.3,0,0,0,0,0,0.3,0,,0,0,5.7,1.8,5.5,7.3,0.8,,0,0.3,,0.3,0,,0.3,0,1,,,0,0,1.3,,385
GeoB1033-3,-22.05,5.5348,South Atlantic,3.5,0.4,0.4,7.4,7.8,2.7,5.2,2.1,,0.2,,3.1,0.1,8.5,1.5,0.7,0,0,0,0.2,7.4,8.4,7.4,,0,0.1,19.8,5.1,1.7,6.8,1.8,,1.3,1.9,,6.4,2.5,,8.9,0,7.6,,,0,0,0.1,,825
GeoB1032-2,-22.91,6.0268,South Atlantic,2.9,0,0,7.5,7.5,3.2,6.1,1.3,,0.2,,4.3,0,8.2,0.8,1.7,0.2,0,0,0.2,8.9,8.6,8.9,,0,0.3,17.1,3.7,2,5.7,2.7,,1.3,1.3,,4.8,6.4,,11.2,0,6.4,,,0,0,0.1,,944
V12-66,-22.99,7.0148,South Atlantic,3.1,0,0,8.3,8.3,1.7,2,0.6,,0,,0.6,3.1,2.9,9.7,0,0.6,0,0,1.4,24.6,0.3,24.6,,0,0,19.7,2.6,4.3,6.9,0.3,,0.6,2,,4,0,,4,0,4.3,,,0,0,3.3,,350
GeoB1713-6,-23.22,13.015,South Atlantic,1.9,0,0,0.8,0.8,0,0.7,0,,0,,0,0,25.7,0,0,0,0,0,0.8,12.4,46.5,12.4,,0,0,6.3,0.1,0.1,0.2,0.8,,0,0.1,,0,0,,0,0,3.7,,,0,0,0.1,,363
GeoB1712-2,-23.26,12.803,South Atlantic,8.9,0,0,0,0,0,0,0,,0,,0,0,23.5,0,0,0,0,0,1.5,6.7,39.3,6.7,,0,0,16.3,0.5,0.2,0.7,0.1,,0,0,,0,0,,0,0,3,,,0,0,0,,333
GeoB1711-5,-23.32,12.378,South Atlantic,19.6,0,0,0,0,0,0.2,0,,0,,0,0,16.7,0,0.4,0,0,0,0.2,11.9,41.8,11.9,,0,0,5.9,0,0,0,0.1,,0.6,0.7,,0.1,0,,0.1,0,1.8,,,0,0,0,,368
RC13-228,-22.33,11.2,South Atlantic,12,0,0,0,0,2,0,0,0,0,0,2,1,38,8,0,0,0,2,5,238,10,238,0,0,0,22,1,1,2,0,0,0,0,0,0,0,0,0,0,10,0,0,0,0,0,6,358
RC08-16,-23.35,-16.525,South Atlantic,0.3,0.6,1.2,49.5,50.7,0.6,6.1,4.6,,0.6,,4.3,0.9,0.6,0.9,1.2,0,0,0,0,0.3,0,0.3,,0,0,9.8,2.1,3.7,5.8,0.6,,0,0.3,,1.2,0,,1.2,0,7.6,,,0,0,3,,327
GeoB1710-2,-23.43,11.703,South Atlantic,5.7,0,0,0.1,0.1,0,0,0.9,,0,,0,0,13.1,0,0,0,0,0,0.9,17.1,49.1,17.1,,0,0,7,0.3,0,0.3,0,,0.2,0,,0.5,0,,0.5,0,5.1,,,0,0,0,,410
V26-63,-23.96,-37.953,South Atlantic,0.8,1.8,9.4,43.2,52.6,2.9,2.6,1,,0,,6.3,1,0,0.5,0,0.8,0,0,0,0,0,0,,0,0,1.8,0,4.5,4.5,0.3,,0.5,0.3,,5.8,0.5,,6.3,0,14.1,,,0,0,1.9,,382
RC08-18,-24.07,-15.117,South Atlantic,2.6,0.7,1.5,38.8,40.3,4.4,3.7,1.5,,0,,6.4,1.5,1.3,3.5,2,2,0,0.2,0,0,0.2,0,,0,0,4.6,1.3,4,5.3,0.4,,0.5,1.6,,2.6,0.4,,3,0,12.3,,,0,0,2,,546
V29-134,-24.22,7.4167,South Atlantic,2.6,0,0,7.5,7.5,0,2.6,0.9,,0.2,,0.5,0.2,7.5,5.4,0.5,0,0,0.9,1.4,28.9,0.2,28.9,,0,0,21.4,2.8,2.8,5.6,0,,1.9,0.5,,0.9,0.2,,1.1,0,6.8,,,0,0,3.4,,426
GeoB1211-1,-24.47,7.537,South Atlantic,1.9,0.3,0,4.9,4.9,0,2.6,0.6,,0.2,,3,0.9,6.1,0.5,0.8,0,0,0,0.3,8.7,19.6,8.7,,0,0.1,31.6,3,4.9,7.8,0.9,,2.3,0.5,,3.2,0.9,,4.1,0,2.4,,,0,0,0,,679
GeoB1210-3,-24.49,7.438,South Atlantic,1.1,0,0.1,7,7.1,0.1,2.5,0.6,,0.2,,3,2.5,14.1,1.1,0,0.3,0,0.6,0.3,12.2,15.5,12.2,,0,0,17.3,4.5,2.7,7.2,3.7,,0.6,1.9,,3.3,0.1,,3.4,0,4.9,,,0,0,0,,894
GeoB1208-1,-24.49,7.1128,South Atlantic,1,0,0.1,8.6,8.7,2.3,2.9,1.1,,0,,2.4,1.6,10.5,0.5,0.2,0,0.2,0.4,0,12.8,13.5,12.8,,0,0.2,18.3,5.8,3,8.8,2.2,,1.6,1.9,,3,0.6,,3.6,0,5.2,,,0.2,0,0.5,,1076
GeoB1209-1,-24.51,7.283,South Atlantic,1.1,0.6,0,8.1,8.1,2,3.3,0.3,,0.4,,4.2,2.4,9.7,0.8,0.8,0.7,0,0,0,11.8,11.2,11.8,,0,0.2,20.2,4.7,3,7.7,3.2,,1.3,1.8,,1.5,0.8,,2.3,0,6,,,0,0,0.1,,819
V19-248,-24.57,4.8332,South Atlantic,1.3,0,0.2,10.8,11,1.5,4.5,1.7,,0.2,,2.2,2.2,1.1,5,0.2,1.1,0,0,0,13.8,2.8,13.8,,0,0,23.8,2.2,3.9,6.1,0.6,,1.7,2.2,,4.1,0.4,,4.5,0,8.4,,,0,0,4.1,,463
GeoB1207-2,-24.60,6.855,South Atlantic,2.2,0,0.1,9.2,9.3,0.6,4.5,1.1,,0.2,,4.1,0.6,16.9,0,0.4,1,0,0.3,0.1,6.3,8.8,6.3,,0,0.1,22.1,3.1,4.7,7.8,1.6,,2,1.3,,1.7,0.9,,2.6,0,6.1,,,0,0,0.1,,995
V16-39,-24.73,-4.7582,South Atlantic,3.2,0.8,0.3,26.8,27.1,1.1,5.5,1.3,,0.3,,3.7,1.8,0.3,6.3,1.6,0.5,0,0.3,0,0.5,0.8,0.5,,0,1.3,18.9,1.8,7.9,9.7,0.3,,1.6,1.3,,3.2,2.1,,5.3,0,4.5,,,0,0,2,,380
GeoB1215-1,-24.84,6.8448,South Atlantic,1.8,0,0,6.8,6.8,1.6,4.1,1.5,,0.2,,4,1,9.2,0,0.9,0,0,0.3,0.5,7.1,12.1,7.1,,0,0,20.6,4.8,4.5,9.3,1.3,,1.6,3.6,,6.4,0.2,,6.6,0,6.1,,,0,0,0,,660
GeoB1216-2,-24.93,6.788,South Atlantic,0.6,0.5,0,8,8,3.2,1.4,0.8,,0,,4.7,1.7,14.2,0.3,0.8,0,0,1.1,0.8,7.5,19.5,7.5,,0,0,15.5,2.8,1.4,4.2,1.3,,1.4,2.8,,1.2,0.3,,1.5,0,8.1,,,0,0,0,,726
GeoB1217-1,-24.95,6.7248,South Atlantic,1.3,0,0,6.8,6.8,2.5,1.7,0.9,,0,,4,1.7,13.6,0.9,1.3,0,0,0.8,0.4,11,17,11,,0,0,16.1,4.2,0.9,5.1,1.7,,2.1,3,,1.7,0,,1.7,0,6.4,,,0,0,0,,658
RC08-22,-24.97,-13.267,South Atlantic,2.1,1.1,2.1,36.5,38.6,3.4,3,1.7,,0.9,,4.9,1.9,0,2.6,0.9,1.9,0,0,0,0.6,0,0.6,,0,0,6.9,2.8,6.9,9.7,0.2,,2.1,2.1,,2.4,0,,2.4,0,9.9,,,0,0,3.1,,466
GeoB1204-3,-25.05,5.498,South Atlantic,1.9,0,0,10.1,10.1,0.2,1.9,0.4,,0.5,,4.5,0.6,15.1,0.7,0,0.4,0,1.1,0,6.2,7.2,6.2,,0,0,25.1,5,4.1,9.1,2.8,,1.7,3.4,,3.3,0.6,,3.9,0,3.3,,,0,0,0,,695
RC08-23,-25.15,-12.767,South Atlantic,0.9,0.9,2.8,34.3,37.1,5.4,2.6,1.4,,0,,6.1,1.4,2.1,3.3,1.6,4,0,0,0,0,0,0,,0,0,9.8,2.6,2.8,5.4,0.2,,2.1,1.4,,1.4,0.2,,1.6,0,9.6,,,0,0,3.1,,429
GeoB1218-1,-25.17,5.918,South Atlantic,0.9,0.3,0,7.2,7.2,2.1,0.9,0.3,,0.1,,5.4,4.3,16.2,0,0.9,0.1,0,1,0.1,9.2,7.9,9.2,,0,0,15,6,7.4,13.3,0.7,,1.4,1.6,,2.5,0,,2.5,0,8.3,,,0,0,0.4,,549
GeoB1220-2,-25.17,5.307,South Atlantic,1.6,0.2,0.1,5.9,6,4.3,3.7,0.6,,0.2,,3.3,4.2,12.8,0.4,0,0,0,1.8,0,9.4,7.1,9.4,,0,0,17.2,3.3,3.2,6.5,1.4,,2.1,2.3,,5.1,0.6,,5.7,0,8.8,,,0,0,0.6,,574
RC13-229,-25.49,11.307,South Atlantic,2.1,0,0,1.8,1.8,0,0,0.4,,0,,0.4,0,1.4,0,1.1,0,0,0,2.1,61,0.7,61,,0,0,25.2,0,0.4,0.4,0.4,,1.1,0,,0,0,,0,0,0.4,,,0,0,1.5,,282
RC15-151,-25.69,-40.583,South Atlantic,1.2,2.4,9,40.3,49.3,3.2,2.2,1.4,,0,,2.8,5,0.6,0.6,1,2.4,0,0,0,0.2,0,0.2,,0,0.2,0.4,0,2,2,0,,0.2,0.8,,4.2,0,,4.2,0,17.2,,,0,0,2.7,,501
V19-246,-25.77,4.0998,South Atlantic,1,0,0,7.1,7.1,0.8,4.1,2,,1.2,,2.4,0,0,7.9,0,1.4,0,0,0.4,9.3,0,9.3,,0,0,24.2,3.7,6.7,10.4,0.4,,2.8,5.9,,5.3,0.4,,5.7,0,8.1,,,0,0,4.9,,508
V19-245,-26.20,4.6832,South Atlantic,1.8,0,0,12.3,12.3,0.9,4.9,2.8,,0,,6.2,2.8,0.6,3.7,0.3,0.3,0.3,0.3,0,9.8,0.3,9.8,,0,0,24.1,3.1,5.2,8.3,0,,3.7,2.8,,4.6,0,,4.6,0,5.8,,,0.3,0,3.5,,325
RC08-27,-26.23,-10.608,South Atlantic,2.1,1.2,0.6,30.8,31.4,2.7,3,1.2,,0.9,,5.4,1.5,0,3,2.4,2.1,0,0,0,0,0.3,0,,0,0,15.3,1.5,9.6,11.1,0,,2.4,2.1,,1.2,0,,1.2,0,7.2,,,0,0,3.5,,334
GeoB1203-2,-26.55,5.017,South Atlantic,2.4,0,0,9.4,9.4,0,5.2,0.9,,0.9,,3.5,3.3,10,0.9,0.9,0.9,0,0.3,0,4.3,7,4.3,,0,0,24.1,2.1,4,6.1,1.2,,3,3.3,,5.5,0.3,,5.8,0,5.8,,,0,0,0.4,,406
RC08-28,-26.58,-9.4332,South Atlantic,1.3,1,0.3,27.5,27.8,3.6,5.8,0.3,,0.6,,6.1,1.9,1.6,5.2,1.3,1.9,0,0,0,0,0,0,,0,0.3,13.3,1.6,6.1,7.7,0,,1.6,3.2,,2.3,0,,2.3,0,10.4,,,0,0,2.8,,309
V27-190,-27.60,-20.313,South Atlantic,0.6,1.1,1.1,48.3,49.4,0.6,1.7,1.5,,0.2,,3.4,0.8,1.5,2.5,1.5,1.3,0,0,0.4,1.3,0,1.3,,0,0,8.4,5.7,5.3,11,0.6,,1.3,0.2,,1.3,0,,1.3,0,6.1,,,0,0,3.3,,474
V16-41,-27.87,-1.1,South Atlantic,0.3,0.3,0,16.4,16.4,0.3,2.5,0.9,,1.3,,4.1,0,1.6,9.1,0.6,0,0,0.3,0,2.2,0,2.2,,0,0,27.4,3.8,4.7,8.5,0,,6.3,4.1,,2.5,0.9,,3.4,0,6.3,,,0,0,4.1,,317
V16-190,-27.95,-42.45,South Atlantic,1.3,2.1,3.2,37.1,40.3,1.4,3.1,1.9,,0,,2.7,0.4,3.5,3.7,0,0.9,0,0,0.1,5.6,0.9,5.6,,0,1,11.2,3.8,2.7,6.5,2.3,,1.5,0.9,,1,1,,2,0,4.6,,,0,0,2.1,,1156
GeoB1716-2,-27.96,14.005,South Atlantic,0.2,0,0,1,1,0,0.1,0,,0,,1,0.4,10.8,1.3,0.3,0,0,2.1,3.4,18.3,42.1,18.3,,0,0,14,0.7,0.1,0.8,1.1,,2,0,,0,0,,0,0,1.1,,,0,0,0,,311
RC17-040,-28.08,13.015,South Atlantic,1,0,0,9,9,1,2,1,3,0,0,4,7,39,13,1,1,0,8,30,179,15,179,0,0,0,84,6,1,7,0,0,6,2,0,0,0,0,0,0,7,0,0,0,0,0,1,418
V20-213,-28.33,-13.15,South Atlantic,1.3,0.3,4.4,22.1,26.5,2.7,1.3,0.7,,0.1,,2.3,1,3.2,12.1,1.2,1.5,0,0,0.2,7.9,0.2,7.9,,0,0.1,14.1,7.7,1.1,8.8,0.6,,1.1,3,,0.6,0.1,,0.7,0,6.6,,,0,0,2.5,,895
RC11-26,-28.58,-30.058,South Atlantic,0.7,2,3.8,43.1,46.9,4.5,1.8,0.7,,0,,3.3,3.3,0.2,4.5,0.9,1.1,0,0,0,0.7,0.2,0.7,,0,0,2.9,0.7,5.1,5.8,0.7,,2.2,2.9,,1.3,0,,1.3,0,7.1,,,0,0,6.3,,448
V12-18,-28.68,-34.483,South Atlantic,1.3,0.8,2.8,47.8,50.6,1.8,1,1.5,,0,,3.3,3.3,1.5,3.5,1.5,1,0,0,0,1.3,0,1.3,,0,0,6.3,1.3,4,5.3,0,,3.5,1.8,,0,0,,0.5,0.5,8,,,0,0,1.9,,399
V16-189,-28.83,-41.033,South Atlantic,0,5.8,0,38,38,0,5.5,1.2,,0,,1.2,0,0.3,1.5,0,0,0,0,0,0.3,1.5,0.3,,0,0.3,12.6,0.6,9.8,10.4,0,,6.1,0.9,,6.4,1.2,,7.6,0,4,,,0,0,2.8,,326
GeoB1729-1,-28.89,1.0017,South Atlantic,1.1,0.5,0,14,14,0.5,1.8,0.4,,0.6,,4.1,1.8,11.5,2.4,0.7,0,0,0,0,1,2.6,1,,0,0.1,29.5,4.9,5,9.9,0.7,,2.7,4.5,,1.5,0,,1.5,0,8,,,0,0,0.2,,544
GeoB1719-5,-28.93,14.173,South Atlantic,0,0,0,0.2,0.2,0,0,0,,0,,0,0,73.7,0,0,0,0,0,1.6,9.2,5,9.2,,0,0,8.7,0.2,0,0.2,0,,0.2,0,,0,0,,0,0,1.2,,,0,0,0,,398
A260210A,-29.13,-34.567,South Atlantic,0.9,1.7,3.1,42.7,45.8,3,2.3,2.1,,0,,4.6,0,0.6,7.7,1.1,0.7,0,0,0,0.7,0.1,0.7,,0,0,3,0.5,6.3,6.8,0,,2.3,3.2,,1.5,0.2,,1.7,0,9.4,,,0,0,2.3,,851
RC15-145,-29.22,-45.47,South Atlantic,1.6,0.3,5.7,36.2,41.9,1.6,3.3,1.1,,0,,3,2.7,2.7,3.5,0.5,0.5,0,0,0,0,0.3,0,,0,0,7.4,0.3,3.5,3.8,0,,1.9,2.5,,3,0,,3,0,16.3,,,0,0,2.1,,367
V22-71,-29.42,-33.417,South Atlantic,1.6,2.7,1.9,35.7,37.6,4.4,3,1.9,,0,,6.3,2.2,2.7,3.5,0.3,0.5,0,0,0,2.2,0,2.2,,0,0,6,3.5,5.4,8.9,0,,3.3,3.5,,0.3,0,,0.3,0,7.1,,,0,0,2,,367
GeoB1722-3,-29.45,11.75,South Atlantic,1,0,0,4.7,4.7,0,1.3,0,,0,,2,0,9.5,0.9,0.9,0,0,0.3,0.6,16.7,9.5,16.7,,0,0,38.6,4.7,0.6,5.3,1,,4.5,1.1,,0,0,,0,0,2.3,,,0,0,0,,544
V19-242,-29.52,9.5832,South Atlantic,0.5,0,0,1.6,1.6,0,0,0.3,,0,,0.5,0,0.5,0.8,0.3,0,0,0,1,45.1,0.5,45.1,,0,0,44.5,0.3,0,0.3,0,,3.1,0,,0,0,,0,0,0.3,,,0,0,0.7,,384
V27-215,-29.53,2.19,South Atlantic,2.2,0,0,9.6,9.6,1.1,2.2,1.4,,0,,2.5,1.4,1.1,13.7,1.1,0.5,0,0,0,4.9,0,4.9,,0,0.3,32.4,2.7,3.8,6.5,0,,3.8,6.9,,2.5,0,,2.5,0,3,,,0,0,2.9,,364
GeoB1728-3,-29.84,2.4067,South Atlantic,0.8,0.2,0,6.8,6.8,0.8,1.3,0.5,,0.2,,3.4,2.1,7.8,1,1.5,0.2,0,0,0.2,3.4,2,3.4,,0,0,23.1,3.4,3.8,7.2,0.4,,4.3,4.5,,0.4,0.1,,0.6,0,27.1,,,0,0,0.8,,1136
V26-68,-30.36,-15.8,South Atlantic,0.5,1.3,1.1,21.4,22.5,1.1,0.6,0.6,,0.2,,2,0.6,1.1,18,0.3,2,0,0,0.2,3.6,0,3.6,,0,0,21.3,5.6,3.3,8.9,2.5,,2.8,2.7,,0.2,0,,0.5,0,5.5,,,0,0,1.5,,598
RC17-043,-30.43,13.55,South Atlantic,2,0,0,21,21,0,2,1,3,0,0,4,3,30,40,0,0,0,0,3,131,6,131,0,0,0,156,18,2,20,2,0,4,4,0,1,0,0,1,0,18,0,0,0,0,0,3,449
V23-182,-30.45,-11.683,South Atlantic,0.1,0,0.4,4.1,4.5,0,6.6,0,,0,,4,0,48.6,2,0,0,0.2,0.2,0,11,9.2,11,,0,0.6,4.5,0,3.9,3.9,0.7,,0.5,0.6,,0,0,,0.2,0,3,,,0.2,0,0,,640
RC12-303,-30.48,11.547,South Atlantic,0,0,0,2.7,2.7,0,0,0,,0,,1.2,0,0.8,0.4,1.2,0,0,0,0.8,31.5,1.9,31.5,,0,0,52.5,1.6,0.4,2,0,,3.1,0,,0,0,,0,0,0,,,0,0,1.9,,257
V19-240,-30.58,13.283,South Atlantic,0.3,0,0,4.1,4.1,0,0.3,0.3,,0,,0.3,0.3,3.8,10.7,0.3,0,0,0,0,21.3,3,21.3,,0,0,46.4,4.1,0.3,4.4,0,,2.1,0.6,,0,0,,0,0,0.3,,,0,0,1.5,,338
RC17-047,-31.07,14.7,South Atlantic,0,0,0,4,4,1,1,0,1,0,0,2,2,17,9,1,1,0,3,4,89,5,89,0,0,0,207,9,1,10,0,0,3,2,0,0,0,0,0,0,10,0,0,0,0,0,7,378
V18-34,-31.35,-36.817,South Atlantic,1.1,1.3,2.1,30.5,32.6,2.7,1.6,0.3,,0,,2.9,0.5,1.6,12.5,0.3,2.4,0,0.3,0,4.5,0.5,4.5,,0,0,10.3,1.3,3.7,5,0,,4,7.2,,0.5,0,,0.5,0,6.4,,,0,0,1.5,,377
V27-206,-31.36,-1.6882,South Atlantic,1.7,1.2,0,6.9,6.9,0,0.9,0.9,,0.7,,4.5,0.5,0.5,7.1,1.2,0,0,0,0.2,9.7,0.7,9.7,,0,0.2,45.2,2.1,5.4,7.5,0.5,,3.3,1.2,,0.7,0,,0.7,0,2.1,,,0,0,2.6,,423
GeoB1311-2,-31.51,-29.098,South Atlantic,0,3,2,29.2,31.2,2.3,2.2,1.4,,0.7,,4.7,2.1,13.3,0.8,0.5,0,0,0,0,0.6,0,0.6,,0,0,11,1.5,8.5,10,0.3,,3.6,5.9,,1.2,0,,1.2,0,4.9,,,0,0,0.1,,501
GeoB1310-1,-31.59,-28.903,South Atlantic,0.4,0.9,0.8,23.4,24.2,0,0.9,0.6,,0,,1.7,0.8,15,3,0.3,0.5,0,0.1,0.3,7.6,2.1,7.6,,0,0.1,16.7,5.7,2.9,8.6,0.5,,3.4,6.3,,0.1,0.1,,0.3,0,4.8,,,0,0,0.9,,768
V24-241,-31.60,-30.283,South Atlantic,1,0.2,1.7,30.4,32.1,0.5,0.7,0.5,,0,,1.7,0.5,1.7,17,0,0.2,0,0,0,4.1,0.2,4.1,,0,0,13.6,4.1,3.4,7.5,0.2,,5.1,3.6,,1.5,0,,1.5,0,4.9,,,0,0,3.2,,411
GeoB1312-3,-31.66,-29.657,South Atlantic,0.6,0.9,0.9,29.7,30.6,2.7,1.2,0.5,,0.3,,4.6,2.3,12.2,2.1,0.9,1,0.3,0,0,4.3,0.4,4.3,,0,0,10.6,3.2,5.6,8.9,0.1,,3.8,6.7,,0.1,0.1,,0.3,0.5,4.9,,,0.3,0,0,,788
GeoB1313-1,-31.66,-30.033,South Atlantic,0.4,1.3,1.4,29.1,30.5,3.2,1.6,0.4,,0.2,,2.1,2.7,14,0.8,0.7,0,0,0,0,5.1,0.8,5.1,,0,0,11.3,3.6,4.8,8.4,0.2,,7.4,5.4,,0.3,0,,0.2,0,3,,,0,0,0.3,,781
GeoB1309-3,-31.67,-28.665,South Atlantic,1,2,0,32.8,32.8,0,2.7,1.4,,0,,3,0.5,6.3,0.8,0.3,0,0,0,0.3,7.3,1.1,7.3,,0,0,17.3,6.4,7.9,14.3,0,,6.5,1.1,,0.6,0,,0.6,0.3,0.8,,,0,0,0,,510
RC11-37,-31.98,-35.533,South Atlantic,1.9,3.1,0.6,30.4,31,3.1,2.8,2.8,,0,,3.4,1.9,0.9,9.7,0.3,0.3,0,0,0,0.6,0.3,0.6,,0,0,14.4,0.6,6.6,7.2,0,,6,1.6,,0,0.6,,0.6,0,3.1,,,0,0,5,,319
V24-221,-32.03,-2.8167,South Atlantic,0.9,0.9,0,8.8,8.8,0.3,0.6,0.6,,0,,2.1,1.2,4.3,19.8,0.3,0,0,0.3,0.6,10.4,0,10.4,,0,0,24.4,6.7,5.2,11.9,0.6,,5.2,2.7,,0,0,,0,0,4,,,0,0,0.1,,328
V18-168,-32.17,-20.167,South Atlantic,0.2,2.3,0.2,20.1,20.3,0.5,0.7,0.2,,0.2,,1.9,0.2,2.3,21.5,0.2,0.5,0,0.2,0,5.8,0,5.8,,0,0,12.1,6.1,6.5,12.6,0,,6.3,5.6,,0.7,0,,0.7,0,4.4,,,0,0,1.3,,428
V24-237,-32.20,-26.733,South Atlantic,0,0.9,0.3,22,22.3,0,0.6,0,,0,,1.7,0.9,5.4,11.7,0.6,0,0,0,0.9,21.4,0,21.4,,0,0,15.1,4.6,2.6,7.2,0,,6.6,1.1,,0,0,,0,0,2.9,,,0,0,0.7,,350
V18-182,-32.33,15.017,South Atlantic,0.2,0,0,4.3,4.3,0,0.7,0.7,,0,,0.9,1.1,10.4,10.4,0.5,0.2,0,0.2,0.7,11.3,9.9,11.3,,0,0,34.3,4.3,0,4.3,0,,1.4,2,,0,0,,0,0,3.2,,,0,0,3.3,,443
GeoB1308-1,-32.79,-27.75,South Atlantic,0.2,1,0.4,20.2,20.6,1.1,1.4,0.2,,0.6,,2,2.5,13.5,1.7,0.4,0.6,0,0,0.1,11.2,1.8,11.2,,0,0,17.6,6.9,3.1,10,0.2,,4.3,5.8,,0,0,,0,0,3.4,,,0,0,0,,705
RC12-300,-32.88,2.8332,South Atlantic,2,0,0,19,19,0,0,0,0,1,0,2,5,16,10,5,0,0,0,3,102,3,102,0,0,0,195,8,3,11,1,0,22,0,0,0,0,0,0,0,1,0,0,0,0,0,6,404
V27-191,-33.05,-18.717,South Atlantic,0.2,0.5,0,13.5,13.5,1.4,0.5,0,,0,,0.9,0.2,3.9,24.9,0.2,0,0,0,0,13.5,0.5,13.5,,0,0,13.3,5.7,4.3,10.1,0,,5.3,5.9,,0,0,,0,0,3.7,,,0,0,1.5,,437
V24-220,-33.10,1.4832,South Atlantic,0.4,0.2,0,10.8,10.8,0.7,0.9,0.2,,0,,3.1,1.5,5.5,22.3,0,0.2,0,0.2,0.7,6.8,0,6.8,,0,0,22.7,7.5,2.9,10.4,0.4,,2.9,4.6,,0,0,,0,0,2.2,,,0,0,3.3,,453
V17-147,-33.15,-49.867,South Atlantic,0.5,1.8,0,23.2,23.2,0,5.3,1.6,,0,,1.1,1.1,3.2,7.4,0.3,0,0,0.3,0.3,2.6,0.3,2.6,,0,0,21.4,0.5,5.8,6.3,0.8,,6.3,0.3,,3.2,0.3,,3.5,0,9.2,,,0,0,3.2,,379
V16-048,-33.20,15,South Atlantic,1,0,0,11,11,0,0,1,1,0,0,6,7,12,22,1,0,0,0,0,42,39,42,0,0,0,147,18,0,18,0,0,12,3,0,0,0,0,0,0,6,0,0,0,0,0,5,333
RC12-304,-33.22,29.183,South Atlantic,0.8,0.6,0,31.1,31.1,0,6.7,2.2,,0,,4.4,1.7,2.8,4.7,0,0.6,0,0,0,0,7.5,0,,0,1.7,16.1,0,0,0,0,,0,0,,0.6,0,,0.6,0,15.8,,,0,0,2.7,,360
V18-183,-33.23,15.983,South Atlantic,1,0,0,12,12,0,2,1,3,0,0,2,8,19,26,0,0,0,5,1,39,31,39,0,0,3,116,13,2,15,0,0,1,6,0,0,0,0,0,0,20,0,0,0,0,0,6,314
V24-235,-33.25,-19.55,South Atlantic,0,0.7,0.7,14.3,15,0.5,0,0.2,,0.2,,0.7,1.2,2.7,27.3,0.2,0,0,0,0,12.6,1.2,12.6,,0,0,20.3,3.9,2.4,6.3,0,,3.9,3.6,,0,0,,0,0,2.4,,,0,0,1,,414
V16-50,-33.35,16.433,South Atlantic,0.3,0,0,3.1,3.1,0.3,0.6,0.9,,0,,0,1.5,1.5,8.3,0,0,0,0,0.9,14.4,1.5,14.4,,0,0.3,55.7,3.7,0.3,4,0,,0.9,0.3,,0,0,,0,0,2.4,,,0,0,3.1,,327
V16-047,-33.40,12.583,South Atlantic,3,0,0,3,3,0,0,1,1,0,0,0,0,4,1,1,0,0,0,5,154,25,154,0,0,0,172,7,2,9,0,0,20,0,0,0,0,0,0,0,0,0,0,0,0,0,2,400
RC15-143,-33.57,-49.033,South Atlantic,0.2,0.8,1.3,31.1,32.4,1.1,1.9,0.8,,0,,2.5,2.5,4,11.8,0.2,0,0,0,0,0.2,0,0.2,,0,0,11.6,2.3,4,6.3,0,,4,2.3,,1.7,0,,1.7,0,13,,,0,0,2.7,,476
GeoB1307-2,-33.60,-27.665,South Atlantic,0.4,0.9,0,10.8,10.8,0.2,0.4,0.2,,0,,1.3,1.2,9,1,0.7,0,0,0,0.5,30.9,3.3,30.9,,0,0,20.1,9.7,1.1,10.8,0.5,,6.6,0.7,,0,0,,0,0,0.5,,,0,0,0.1,,570
V24-231,-33.95,-13.833,South Atlantic,0,0,0,39,39,1,0,0,0,0,0,2,3,46,141,1,0,0,3,10,68,1,68,0,0,0,73,38,6,44,1,0,12,13,0,0,0,0,0,0,8,0,0,0,0,0,1,467
RC12-299,-34.08,1,South Atlantic,5,0,0,12,12,0,0,1,1,1,0,2,0,25,14,3,0,0,2,6,183,6,183,0,0,0,188,17,26,43,1,0,47,0,0,0,0,0,0,0,2,0,0,0,0,0,3,544
V24-223,-34.20,-3.4833,South Atlantic ,0.6,0.2,0,6.2,6.2,0.4,0,0,,0,,0.4,0.8,6.9,28.8,0,0.4,0,0,0.2,12.1,0,12.1,,0,0,20.8,8.3,2,10.3,1.2,,3.6,2.8,,0,0,,0,0,2.8,,,0,0,1.5,,504
V24-229,-34.45,-10.6,South Atlantic ,0,0.6,0,6.8,6.8,0,0,0,,0,,0,0.6,6.1,35.9,0,0,0,0,0.3,11.7,0,11.7,,0,0,22.3,6.5,1.6,8.1,0,,2.6,0.6,,0,0,,0,0,2.6,,,0,0,1.8,,309
RC11-35,-34.70,-35.1,South Atlantic,0,0.9,0,30.7,30.7,0,1.2,0.6,,0,,1.2,0,3.5,7.7,0.3,0.3,0,0,0,18.6,1.5,18.6,,0,0,15,6.5,1.5,8,0,,4.7,0.9,,0,0,,0,0,2.4,,,0,0,2.5,,339
RC12-298,-34.96,-4.7532,South Atlantic,0.6,0,0,4.3,4.3,0,0,0,,0,,0.3,0.6,11.8,15.3,0,0,0.3,3.5,0.6,20.9,0,20.9,,0,0,26.4,4.6,1.4,6,0.3,,3.2,1.2,,0,0,,0,0,1.2,,,0.3,0,3.7,,346
GeoB1306-1,-35.21,-26.765,South Atlantic ,0.1,1.1,0,2.2,2.2,0,0.3,0,,0,,1.4,0,10.4,0,0,0,0,0,0.6,47.8,1.8,47.8,,0,0,19.8,5.1,0.8,5.9,0.4,,7.5,0,,0,0,,0,0,0.6,,,0,0,0.2,,357
GeoB1314-2,-35.21,-26.765,South Atlantic ,1,3.5,0,26.6,26.6,0.5,1.1,0.7,,1.4,,3,0.7,5.2,0.5,0,0,0,0,0.2,12.6,0.9,12.6,,0,0,21.4,4.6,6.8,11.4,0,,6.2,0.5,,1,0.3,,1.3,0,1.4,,,0,0,0,,432
RC11-86,-35.78,18.45,South Atlantic,0,0.3,0,6.4,6.4,0,1.5,2.1,,0,,0.6,0.3,6.7,9.1,0,0,0,0,1.5,21.8,5.2,21.8,,0,0,30.6,2.1,0,2.1,0,,0.6,1.2,,0.6,0,,0.6,0,6.4,,,0,0,3,,330
RC12-297,-36.16,-6.7167,South Atlantic,0.2,0,0,1.7,1.7,0,0,0,,0,,0,0.2,28.7,3.2,0,0,0,0.5,1.5,21.9,0,21.9,,0,0,30.7,4.9,0.5,5.4,0,,1.7,0,,0,0,,0,0,1,,,0,0,3.3,,411
V29-097,-36.33,19.533,South Atlantic,1,0,0,19,19,0,5,4,9,0,0,4,5,22,29,1,1,0,4,0,35,27,35,0,0,2,97,9,0,9,0,0,6,4,0,1,0,0,1,0,49,0,0,0,0,0,6,331
V12-56,-36.50,8.0982,South Atlantic,0.6,0,0,3,3,0,0.1,0.1,,0,,2,0.7,13.1,18.8,0.1,0,0,0.8,0.5,11.7,0.5,11.7,,0,0,30.6,8.6,1.2,9.8,0,,3,0.7,,0.1,0,,0.1,0,2,,,0,0,1.8,,840
V27-192,-36.55,-16.867,South Atlantic,0.3,0,0,2.7,2.7,0,0,0,,0,,0,0,12.8,25.9,0,0,0,2.1,1.9,13.9,0.8,13.9,,0,0,20.3,7.5,0.5,8,0,,2.1,4.3,,0,0,,0,0,2.9,,,0,0,2,,374
RC12-293,-36.88,-13.15,South Atlantic,0.5,0,0,2.5,2.5,0.3,0,0,,0,,0.8,0,9.5,31,0,0,0,1.2,0,5.3,0,5.3,,0,0,29.2,7.5,0.8,8.3,0,,2.2,1.7,,0,0,,0,0,4.3,,,0,0,3.2,,400
RC12-294,-37.26,-10.097,South Atlantic,0.3,0,0,1.1,1.1,0,0,0,,0,,0,0.5,20.3,18.4,0,0,0,1.4,1.4,12.2,0,12.2,,0,0,28.2,7.9,0.3,8.2,0,,3,0.3,,0,0,,0,0,2.2,,,0,0,2.5,,369
RC13-242,-37.54,-3.5867,South Atlantic,0.4,0,0,0,0,0,0,0,,0,,0,0,35.9,2.7,0.4,0,0,3.1,0.4,28.6,0,28.6,,0,0,18.5,6.6,0,6.6,0,,1.2,0.4,,0,0,,0,0,1.9,,,0,0,0,,259
RC12-268,-37.87,-28.873,South Atlantic,0.3,0,0,3,3,0,0,0.3,,0,,0,0,7.1,0.9,0,0,0,0.3,2.4,44,0,44,,0,0,27.1,5.4,0.3,5.7,0,,6.5,0,,0,0,,0,0,0.3,,,0,0,2.1,,336
V14-67,-39.20,13.5,South Atlantic,0,0,0,5,5,0,0,1,1,0,0,3,5,59,42,0,0,0,8,3,49,18,49,0,1,0,92,23,2,25,0,0,3,4,0,0,0,0,0,0,16,0,0,0,0,0,8,342
V22-122,-39.58,24.583,South Atlantic,0.7,0.1,0,0.9,0.9,0.1,0.6,0.1,,0,,0,0,26.7,0.6,0,0,0,0.1,0.6,12.2,1,12.2,,0,0,47.8,4.6,0.1,4.8,0.6,,0.9,0.4,,0.1,0,,0.1,0,0.3,,,0,0,1.4,,671
RC12-292,-39.77,-15.467,South Atlantic,2,0,0,0,0,0,0,0,0,0,0,0,0,30,54,0,0,0,6,6,23,0,23,0,0,0,164,21,0,21,0,0,27,7,0,0,0,0,0,0,44,0,0,0,0,0,7,391
RC12-266,-39.82,-24.783,South Atlantic,3,0,0,8,8,0,0,0,0,0,0,0,0,50,11,0,0,0,6,3,141,7,141,0,0,0,127,42,0,42,0,0,7,1,0,0,0,0,0,0,6,0,0,0,0,0,3,415
V17-144,-40.57,-55.167,South Atlantic,0,0,0,0,0,0,0.2,0,,0,,0,0,34.3,0,0,0.2,0,5.1,8.5,14.3,0,14.3,,0,0,29,4.3,0,4.3,0,,0,0,,0,0,,0,0,2.7,,,0,0,1.4,,414
V12-53,-40.90,-20.367,South Atlantic,0.6,0,0,0,0,0,0,0,,0,,0,0,28.2,5.1,0,0,0,6,0.6,12.3,0,12.3,,0,0,29.4,9.6,0,9.6,0,,0.9,0.3,,0,0,,0,0,4.5,,,0,0,2.5,,333
RC12-291,-42.58,-17.8,South Atlantic,0.3,0,0,0,0,0,0,0,,0,,0.3,0,40.2,1.8,0,0,0,10.4,2.7,12.2,0,12.2,,0,0,14,9.1,0.3,9.5,0,,0,0,,0,0,,0,0,4.6,,,0,0,4,,328
RC15-94,-42.97,-20.85,South Atlantic,0.3,0,0,0,0,0,0,0,,0,,0,0,53.1,0.3,0,0,0,2,1.7,4.8,0,4.8,,0,0,21.8,11.2,0.3,11.6,0,,1,0,,0,0,,0,0,2,,,0,0,1.4,,294
RC12-241,-43.47,-57.65,South Atlantic,0,0,0,0,0,0,0,0,0,0,0,0,0,74,6,0,0,0,13,49,71,13,71,0,0,0,78,8,0,8,0,0,0,0,0,0,0,0,0,0,4,0,0,0,0,0,0,316
V22-107,-44.47,-6.633,South Atlantic,1,0,0,0,0,0,0,0,0,0,0,0,0,202,9,0,0,0,7,49,6,0,6,0,0,0,73,26,1,27,0,0,0,1,0,0,0,0,0,0,6,0,0,0,0,0,4,385
V12-43,-45.30,-57.967,South Atlantic,0,0,0,0,0,0,0,0,,0,,0,0,14.8,0.4,0,0,0,3.5,9.4,12.1,0,12.1,,0,0,50.8,5.5,0,5.5,0,,0,0,,0,0,,0,0,0.8,,,0,0,2.7,,256
V18-126,-45.67,-57.617,South Atlantic,0,0,0,0,0,0,0,0,,0,,0,0,25.5,3,0,0,0,3.6,8.7,7.2,0,7.2,,0,0,39.9,8.4,0,8.4,0,,0,0,,0,0,,0,0,0.9,,,0,0,2.8,,333
RC15-93,-46.10,-13.23,South Atlantic,0,0,0,0,0,0,0,0,,0,,0,0,19.9,1.1,0,0,0,16.4,39.9,4.6,0,4.6,,0,0,12,1.4,0.3,1.6,0,,0,0,,0,0,,0,0,3.6,,,0,0,0.9,,362
V22-106,-46.13,-10.9,South Atlantic,0,0,0,0,0,0,0,0,,0,,0,0,13.2,0.5,0,0,0,7.1,61.4,2.1,0,2.1,,0,0,8.7,0.3,0,0.3,0,,0,0,,0,0,,0,0,4,,,0,0,2.7,,606
RC13-253,-46.60,7.6167,South Atlantic,0,0,0,0,0,0,0,0,,0,,0,0,29.5,0.4,0,0,0,9,42.4,1.1,0,1.1,,0,0,9.4,2.5,0,2.5,0,,0,0,,0,0,,0,0,3.2,,,0,0,2.5,,278
RC11-080,-46.75,-0.05,South Atlantic,0,0,0,0,0,0,0,0,0,0,0,0,0,91,2,0,0,0,1,93,5,3,5,0,0,0,159,11,0,11,0,0,1,0,0,0,0,0,0,0,4,0,0,0,0,0,2,372
RC11-79,-49.00,-4.6,South Atlantic,0,0,0,0,0,0,0,0,,0,,0,0,1,0,0,0,0,0,94.8,2.6,0,2.6,,0,0,0.8,0,0,0,0,,0,0,,0,0,,0,0,0,,,0,0,0.8,,385
V18-117,-49.50,-52.25,South Atlantic,0,0,0,0,0,0,0,0,,0,,0,0,19.4,0.8,0,0,0,0.8,63.3,2.7,0,2.7,,0,0,8.5,1.3,0,1.3,0.5,,0,0,,0,0,,0,0,1.3,,,0,0,1.4,,376
RC15-115,-49.60,-47.55,South Atlantic,0,0,0,0,0,0,0,0,,0,,0,0,23.4,0,0,0,0,0.5,47,3,0.3,3,,0,0,20.9,3.3,0,3.3,0,,0,0,,0,0,,0,0,1.1,,,0,0,0.5,,364
RC15-91,-49.92,-15.567,South Atlantic,0,0,0,0,0,0,0,0,,0,,0,0,7.4,0,0,0,0,0.7,57.1,1.3,0,1.3,,0,0,31.7,0.4,0,0.4,0,,0,0,,0,0,,0,0,0,,,0,0,1.4,,676
V22-92,-50.10,-42.933,South Atlantic,0,0,0,0,0,0,0,0,,0,,0,0,12.4,0,0,0,0,2,71.6,1.4,0,1.4,,0,0,9,0.8,0,0.8,0,,0,0,,0,0,,0,0,2,,,0,0,0.8,,356
V15-137,-50.38,-47.4,South Atlantic,0,0,0,0,0,0,0,0,,0,,0,0,12,0,0,0,0,1.9,72.9,3.2,0,3.2,,0,0,6.7,0.4,0,0.4,1.1,,0,0,,0,0,,0,0,1.1,,,0,0,0.7,,476
RC12-235,-50.42,-54.133,South Atlantic,0,0,0,0,0,0,0,0,,0,,0,0,30.3,0.5,0,0,0,3.3,49.3,3.1,0,3.1,,0,0,6.3,2.3,0,2.3,0,,0,0,,0,0,,0,0,3.8,,,0,0,1.1,,426
RC13-275,-50.72,13.433,South Atlantic,0,0,0,0,0,0,0,0,,0,,0,0,0.9,0,0,0,0,2.1,92.9,1.8,0,1.8,,0,0,0.3,0,0,0,0,,0,0,,0,0,,0,0,0.6,,,0,0,1.4,,326
V14-47,-50.77,-42.15,South Atlantic,0,0,0,2,2,0,0,0,0,0,0,0,0,42,6,0,1,0,5,310,5,2,5,0,0,0,49,10,0,10,0,0,0,0,0,0,0,0,0,0,12,0,0,0,0,0,2,446
V22-93,-50.78,-43.167,South Atlantic,0,0,0,0,0,0,0,0,,0,,0,0,22.1,0.6,0,0,0,12.1,47.9,3.6,0,3.6,,0,0,6.7,3,0,3,0,,0,0,,0,0,,0,0,1.8,,,0,0,2.2,,330
RC11-78,-50.87,-9.8667,South Atlantic,0,0,0.3,0,0.3,0,0,0,,0,,0,0,0.5,0,0,0,0,0.5,96.2,1.9,0,1.9,,0,0,0,0,0,0,0,,0,0,,0,0,,0,0,0,,,0,0,0.6,,364
V22-94,-51.52,-43.5,South Atlantic,0,0,0,0,0,0,0,0,,0,,0,0,12.2,0.6,0,0,0,2.8,71.3,1.9,0,1.9,,0,0,8.4,0.9,0,0.9,0,,0,0,,0,0,,0,0,1.6,,,0,0,0.3,,320
V15-136,-52.17,-49.067,South Atlantic,0,0,0,0,0,0,0,0,,0,,0,0,19.2,0.2,0,0,0,0.7,65,1.6,0,1.6,,0,0,9.2,0.5,0,0.5,0,,0,0,,0,0,,0,0,1.8,,,0,0,1.8,,546
V18-110,-53.58,-44.7,South Atlantic,0,0,0,0,0,0,0,0,,0,,0,0,1.3,0,0,0,0,0.6,95.5,0.4,0,0.4,,0,0,1.5,0,0,0,0,,0,0,,0,0,,0,0,0,,,0,0,0.7,,469
RC12-233,-56.83,-66.933,South Atlantic,0.3,0,0,0,0,0,0,0,,0,,0,0,38.3,0.3,0,0,0,5.8,33.1,4,0.3,4,,0,0,8.1,4.9,0,4.9,0.9,,0,0.3,,0,0,,0,0,3.2,,,0,0,0.5,,347
